,composer_name,canonical_name,fastest_intervals,number_of_notes
0,Alban Berg,Sonata Op. 1,"(375, 390.0)",233
1,Alban Berg,Sonata Op. 1,"(644, 659.0)",197
2,Alban Berg,Sonata Op. 1,"(375, 390.0)",224
3,Alexander Scriabin,"24 Preludes Op. 11, No. 13-24","(849, 864.0)",387
4,Alexander Scriabin,"Etude Op. 2 No.1;  Etudes Op. 8, Nos. 5, 11 and 12","(532, 547.0)",375
5,Alexander Scriabin,"Etude in D-flat Major, Op. 8 No. 10","(65, 80.0)",403
6,Alexander Scriabin,Etudes from Op.8,"(1, 16.0)",341
7,Alexander Scriabin,Fantasy Op. 28 in B Minor,"(326, 341.0)",339
8,Alexander Scriabin,"Fantasy in B Minor, Op. 28","(287, 302.0)",434
9,Alexander Scriabin,"Fantasy, Op. 28","(259, 274.0)",367
10,Alexander Scriabin,"Prelude and Nocturne for Left Hand, Op. 9","(259, 274.0)",151
11,Alexander Scriabin,Sonata No. 2,"(453, 468.0)",272
12,Alexander Scriabin,"Sonata No. 2 in G-sharp Minor, Op. 19","(260, 275.0)",337
13,Alexander Scriabin,"Sonata No. 2 in G-sharp Minor, Op. 19","(247, 262.0)",298
14,Alexander Scriabin,"Sonata No. 2 in G-sharp Minor, Op. 19 (Complete)","(249, 264.0)",314
15,Alexander Scriabin,"Sonata No. 3 in F-sharp Minor, Op. 23","(491, 506.0)",259
16,Alexander Scriabin,"Sonata No. 3 in F-sharp Minor, Op. 23","(496, 511.0)",274
17,Alexander Scriabin,"Sonata No. 3 in F-sharp Minor, Op. 23","(1032, 1047.0)",285
18,Alexander Scriabin,"Sonata No. 5 in F-sharp Minor, Op. 53","(99, 114.0)",431
19,Alexander Scriabin,"Sonata No. 5, Op. 53","(102, 117.0)",389
20,Alexander Scriabin,"Sonata No. 5, Op. 53","(685, 700.0)",404
21,Alexander Scriabin,"Sonata No. 5, Op. 53","(620, 635.0)",369
22,Alexander Scriabin,"Sonata No. 5, Op. 53","(584, 599.0)",449
23,Alexander Scriabin,"Sonata No. 5, Op. 53","(689, 704.0)",429
24,Alexander Scriabin,"Sonata No. 5, Op. 53","(589, 604.0)",440
25,Antonio Soler,Sonata No. 10 in B Minor,"(207, 222.0)",325
26,Carl Maria von Weber,"Sonata No. 1, 2nd, 3rd and 4th movements","(895, 910.0)",400
27,Charles Gounod / Franz Liszt,Faust Waltz,"(541, 556.0)",430
28,Claude Debussy,"""Feux d'artifice"" from Book II","(176, 191.0)",306
29,Claude Debussy,"""Images"", Series I","(751, 766.0)",277
30,Claude Debussy,"""Les collines d'Anacapri"" from Preludes, Book I","(135, 150.0)",253
31,Claude Debussy,"""Ondine"" from Book II","(130, 145.0)",233
32,Claude Debussy,"""Voiles"" from Preludes, Book I","(111, 126.0)",164
33,Claude Debussy,"Barcarolle, Op. 60","(386, 401.0)",317
34,Claude Debussy,Bruyeres,"(675, 690.0)",365
35,Claude Debussy,"Etude ""Pour le arpeges composes""","(79, 94.0)",185
36,Claude Debussy,"Etude ""Pour les huit doigts""","(75, 90.0)",291
37,Claude Debussy,"Etude No. 6, Book I, ""Pour les huits doigts""","(63, 78.0)",329
38,Claude Debussy,Feux d'artifice,"(163, 178.0)",296
39,Claude Debussy,Four Preludes,"(604, 619.0)",377
40,Claude Debussy,Image (Book II),"(642, 657.0)",365
41,Claude Debussy,"Images Book 1 (Complete), L 110","(723, 738.0)",305
42,Claude Debussy,Images Book II,"(617, 632.0)",390
43,Claude Debussy,"Images, Book I","(884, 899.0)",326
44,Claude Debussy,"Images, Book I, ""Reflets dans l'eau""","(124, 139.0)",227
45,Claude Debussy,"Images, Book II","(767, 782.0)",344
46,Claude Debussy,"Images, Book II, ""Poissons d'or""","(144, 159.0)",338
47,Claude Debussy,L'Isle Joyeuse,"(313, 328.0)",388
48,Claude Debussy,L'isle joyeuse,"(308, 323.0)",315
49,Claude Debussy,L'isle joyeuse,"(283, 298.0)",335
50,Claude Debussy,L'isle joyeuse,"(334, 349.0)",349
51,Claude Debussy,L'isle joyeuse,"(330, 345.0)",310
52,Claude Debussy,"L'isle joyeuse, L. 106","(334, 349.0)",326
53,Claude Debussy,Les Collines d'Anacapri from Book I,"(143, 158.0)",230
54,Claude Debussy,"Prelude No. 24 ""Fireworks""","(99, 114.0)",324
55,Claude Debussy,"Prelude No. 7, Book II, La terrasse des audiences du clair de lune","(159, 174.0)",172
56,Claude Debussy,"Preludes Book II: “Feux d'artifice,” L 123, No. 12","(88, 103.0)",327
57,Claude Debussy,"Preludes No. 2, 6, 12","(296, 311.0)",151
58,Claude Debussy,"Preludes No. 2, 6, 12","(87, 102.0)",323
59,Claude Debussy,"Preludes, Book II, III - La puerta del vino","(61, 76.0)",165
60,Claude Debussy,"Preludes, Book II, L 123 (Complete)","(2031, 2046.0)",354
61,Claude Debussy,"Preludes, Book II, L 123, IV. «Les fées sont d'exquises danseuses»","(1, 16.0)",248
62,Claude Debussy,"Preludes, Book II, VII - La terasse des audiences du clair de lune","(92, 107.0)",179
63,Claude Debussy,PreludesBII/7-12,"(1016, 1031.0)",354
64,Claude Debussy,Three Etudes,"(278, 293.0)",274
65,César Franck,"Prelude, Fugue et Variation, Op. 18, Arrangement Delle Vigne","(550, 565.0)",213
66,César Franck,"Prélude, chorale, et fugue, M. 21","(620, 635.0)",169
67,Domenico Scarlatti,Sonata K. 466,"(100, 115.0)",187
68,Domenico Scarlatti,"Sonata in B Minor, K. 197","(230, 245.0)",115
69,Domenico Scarlatti,"Sonata in B Minor, K. 27","(25, 40.0)",174
70,Domenico Scarlatti,"Sonata in B Minor, K. 87","(219, 234.0)",100
71,Domenico Scarlatti,"Sonata in B Minor, K. 87","(256, 271.0)",110
72,Domenico Scarlatti,"Sonata in B Minor, L. 33","(104, 119.0)",107
73,Domenico Scarlatti,"Sonata in C Major, K. 179","(55, 70.0)",263
74,Domenico Scarlatti,"Sonata in C Major, K. 513","(152, 167.0)",227
75,Domenico Scarlatti,"Sonata in C Minor, K. 84","(57, 72.0)",200
76,Domenico Scarlatti,"Sonata in D Major, K. 119","(96, 111.0)",357
77,Domenico Scarlatti,"Sonata in D Major, K. 145","(22, 37.0)",191
78,Domenico Scarlatti,"Sonata in D Major, K. 430","(87, 102.0)",165
79,Domenico Scarlatti,"Sonata in D Major, K. 576","(244, 259.0)",236
80,Domenico Scarlatti,"Sonata in D Minor, K. 1","(4, 19.0)",219
81,Domenico Scarlatti,"Sonata in D Minor, K. 141","(104, 119.0)",348
82,Domenico Scarlatti,"Sonata in D Minor, K. 141","(104, 119.0)",340
83,Domenico Scarlatti,"Sonata in G Major, K. 146","(91, 106.0)",175
84,Domenico Scarlatti,"Sonata in G Major, K. 455","(69, 84.0)",225
85,Edvard Grieg,"Lyric Piece in A Minor, “Waltz,” Op. 12 No. 2","(72, 87.0)",130
86,Edvard Grieg,"Lyric Piece in E Minor, “Valse-Impromptu,” Op. 47 No.1","(121, 136.0)",188
87,Edvard Grieg,"Lyric Piece in E Minor, “Waltz,” Op. 38 No. 7","(26, 41.0)",122
88,Felix Mendelssohn,Variations Serieuses Op. 54,"(666, 681.0)",401
89,Felix Mendelssohn,Variations Serieuses Op. 54,"(630, 645.0)",392
90,Felix Mendelssohn,Variations Serieuses Op. 54,"(652, 667.0)",385
91,Felix Mendelssohn,Variations Serieuses Op. 54,"(567, 582.0)",456
92,Felix Mendelssohn,Variations Serieuses Op. 54,"(576, 591.0)",406
93,Felix Mendelssohn,"Variations Serieuses, Op. 54","(598, 613.0)",433
94,Felix Mendelssohn,"Variations Serieuses, Op. 54","(604, 619.0)",455
95,Felix Mendelssohn,"Variations Serieuses, Op. 54","(673, 688.0)",375
96,Felix Mendelssohn,"Variations Serieuses, Op. 54","(612, 627.0)",410
97,Felix Mendelssohn,"Variations Serieuses, Op. 54","(612, 627.0)",414
98,Felix Mendelssohn,"Variations Serieuses, Op. 54","(564, 579.0)",470
99,Felix Mendelssohn,"Variations Serieuses, Op. 54","(630, 645.0)",419
100,Felix Mendelssohn,"Variations Serieuses, Op. 54","(563, 578.0)",430
101,Felix Mendelssohn,"Variations Serieuses, Op. 54","(590, 605.0)",439
102,Felix Mendelssohn,"Variations Serieuses, Op. 54","(674, 689.0)",382
103,Felix Mendelssohn,"Variations Serieuses, Op. 54","(625, 640.0)",372
104,Felix Mendelssohn,"Variations Serieuses, Op. 54","(598, 613.0)",394
105,Felix Mendelssohn,"Variations Serieuses, Op. 54","(591, 606.0)",404
106,Felix Mendelssohn,"Variations Serieuses, Op. 54","(641, 656.0)",393
107,Felix Mendelssohn,"Variations Seriouses, Op. 54","(627, 642.0)",440
108,Felix Mendelssohn,"Variations serieuses, Op. 54","(654, 669.0)",424
109,Felix Mendelssohn,"Variations sérieuses, Op. 54","(588, 603.0)",500
110,Felix Mendelssohn,"Variations sérieuses, Op. 54","(597, 612.0)",409
111,Felix Mendelssohn,"Variations sérieuses, Op. 54","(648, 663.0)",388
112,Felix Mendelssohn / Sergei Rachmaninoff,Scherzo,"(110, 125.0)",311
113,Felix Mendelssohn / Sergei Rachmaninoff,Scherzo from A Midsummer Night's Dream,"(11, 26.0)",318
114,Felix Mendelssohn / Sergei Rachmaninoff,"Scherzo from Mendelssohn's ""Midsummer Night's Dream""","(107, 122.0)",339
115,Franz Liszt,"""La Campanella""","(249, 264.0)",450
116,Franz Liszt,"""La Campanella""","(245, 260.0)",477
117,Franz Liszt,"""La Campanella""","(244, 259.0)",599
118,Franz Liszt,Annes de Pelerinage III: Le jeux d'eau a la Villa d'Este,"(23, 38.0)",452
119,Franz Liszt,"Après une lecture de Dante: Fantasia quasi Sonata, S.161, No. 7","(932, 947.0)",456
120,Franz Liszt,"Aprés une lecture de Dante: Fantasia quasi Sonata, S.161, No. 7","(838, 853.0)",456
121,Franz Liszt,"Ballade No. 2 in B Minor, S 171","(444, 459.0)",422
122,Franz Liszt,"Ballade No. 2 in B Minor, S 171","(430, 445.0)",441
123,Franz Liszt,"Ballade No. 2 in B Minor, S. 171","(496, 511.0)",537
124,Franz Liszt,"Ballade No. 2 in B Minor, S. 171","(477, 492.0)",490
125,Franz Liszt,"Concert Etude ""La Leggierezza""","(166, 181.0)",441
126,Franz Liszt,"Concert Etude ""Un Sospiro""","(141, 156.0)",230
127,Franz Liszt,"Concert Etude No. 2 La Leggierezza, S. 144","(158, 173.0)",419
128,Franz Liszt,"Concert Etude No. 2, ""La Leggierezza"", S. 144/2","(157, 172.0)",384
129,Franz Liszt,"Concert Etude No. 2, ""La Leggierezza"", S. 144/2","(147, 162.0)",415
130,Franz Liszt,"Concert Etude No. 2, “La leggierezza"", S. 144","(155, 170.0)",374
131,Franz Liszt,"Concert Etude No. 3 in D-flat Major, ""Un Sospiro"", S. 144/3","(135, 150.0)",258
132,Franz Liszt,"Concert Etude No. 3 in D-flat Major, ""Un Sospiro"", S. 144/3","(140, 155.0)",246
133,Franz Liszt,Dante Sonata,"(157, 172.0)",462
134,Franz Liszt,Dante Sonata,"(143, 158.0)",425
135,Franz Liszt,Dante Sonata,"(209, 224.0)",457
136,Franz Liszt,Dante Sonata,"(144, 159.0)",465
137,Franz Liszt,Dante Sonata,"(143, 158.0)",514
138,Franz Liszt,"Grandes Etudes de Paganini, S. 141","(915, 930.0)",413
139,Franz Liszt,"Grandes ètudes de Paganini No. 3 ""La Campanella"", S. 141","(240, 255.0)",449
140,Franz Liszt,"Grandes ètudes de Paganini No. 3 ""La Campanella"", S. 141","(256, 271.0)",474
141,Franz Liszt,"Grandes ètudes de Paganini No. 3 La Campanella, S. 141","(241, 256.0)",543
142,Franz Liszt,"Grandes études de Paganini, No. 3 ""La campanella"", S.141/3","(256, 271.0)",444
143,Franz Liszt,"Grandes études de Paganini, No. 3 ""La campanella"", S.141/3","(244, 259.0)",498
144,Franz Liszt,"Grandes études de Paganini, No. 3 ""La campanella"", S.141/3","(263, 278.0)",454
145,Franz Liszt,"Hungarian Rhapsody No. 10 in E-flat Major, S. 244/10","(297, 312.0)",346
146,Franz Liszt,"Hungarian Rhapsody No. 10, S. 244/10","(259, 274.0)",362
147,Franz Liszt,"Hungarian Rhapsody No. 6, S.244/6","(423, 438.0)",449
148,Franz Liszt,"Hungarian Rhapsody No. 6, S.244/6","(369, 384.0)",474
149,Franz Liszt,Mephisto Waltz,"(473, 488.0)",397
150,Franz Liszt,Mephisto Waltz No. 1,"(605, 620.0)",491
151,Franz Liszt,Mephisto Waltz No. 1,"(667, 682.0)",463
152,Franz Liszt,Mephisto Waltz No. 1,"(498, 513.0)",480
153,Franz Liszt,Mephisto Waltz No. 1,"(78, 93.0)",512
154,Franz Liszt,"Mephisto Waltz No. 1, S.514","(660, 675.0)",520
155,Franz Liszt,"Mephisto Waltz No. 1, S.514","(82, 97.0)",444
156,Franz Liszt,Mephisto-Waltz No. 1,"(620, 635.0)",559
157,Franz Liszt,"Paganini Etude No. 3, S. 141/3 ""La Campanella""","(233, 248.0)",509
158,Franz Liszt,"Paganini Etude No. 3, S. 141/3 ""La Campanella""","(252, 267.0)",492
159,Franz Liszt,"Paraphrase de concert sur Rigoletto, S.434","(399, 414.0)",391
160,Franz Liszt,Polonaise in E Major,"(211, 226.0)",383
161,Franz Liszt,Rhapsodie Espagnole,"(244, 259.0)",489
162,Franz Liszt,Rhapsodie Espagnole,"(268, 283.0)",492
163,Franz Liszt,Rhapsodie Espagnole S.254,"(595, 610.0)",454
164,Franz Liszt,"Rhapsodie Espagnole, S. 254","(281, 296.0)",472
165,Franz Liszt,"Rhapsodie Espagnole, S. 254","(609, 624.0)",438
166,Franz Liszt,"Rhapsodie Espagnole, S. 254","(216, 231.0)",496
167,Franz Liszt,"Rhapsodie Espagnole, S. 254","(270, 285.0)",462
168,Franz Liszt,"Rhapsodie Espagnole, S.254","(614, 629.0)",443
169,Franz Liszt,Rhapsody Esp.,"(224, 239.0)",529
170,Franz Liszt,Rhapsody Esp.,"(595, 610.0)",479
171,Franz Liszt,Rigoletto Paraphrase,"(304, 319.0)",435
172,Franz Liszt,"Rigoletto Paraphrase, S. 434","(359, 374.0)",456
173,Franz Liszt,Rigoletto-Paraphrase,"(330, 345.0)",460
174,Franz Liszt,"Sonata In B Minor, S. 178","(1465, 1480.0)",511
175,Franz Liszt,Sonata in B Min.,"(1513, 1528.0)",481
176,Franz Liszt,Sonata in B Min.,"(1208, 1223.0)",598
177,Franz Liszt,"Sonata in B Minor, S. 178","(1453, 1468.0)",508
178,Franz Liszt,"Sonata in B Minor, S. 178","(1463, 1478.0)",473
179,Franz Liszt,"Sonata in B Minor, S. 178","(1503, 1518.0)",473
180,Franz Liszt,"Sonata in B Minor, S. 178","(1300, 1315.0)",553
181,Franz Liszt,Sonetto 104 del Petrarca,"(181, 196.0)",206
182,Franz Liszt,Sonetto 104 del Petrarca,"(177, 192.0)",222
183,Franz Liszt,Spanish Rhapsody,"(222, 237.0)",516
184,Franz Liszt,Spanish Rhapsody,"(285, 300.0)",490
185,Franz Liszt,Tarantella,"(526, 541.0)",496
186,Franz Liszt,Tarantella from Annees de Pelerinage 2eme Annee,"(514, 529.0)",532
187,Franz Liszt,"Tarantella, S. 162 No. 3 from Venezia e Napoli","(469, 484.0)",460
188,Franz Liszt,"Tarantella, Venezia e Napoli in G Minor, S.159","(488, 503.0)",491
189,Franz Liszt,"Transcendental Etude No. 2, “Molto vivace""","(108, 123.0)",405
190,Franz Liszt,"Transcendental Etude No. 4 ""Mazeppa""","(267, 282.0)",396
191,Franz Liszt,"Transcendental Etude No. 4, ""Mazeppa""","(399, 414.0)",434
192,Franz Liszt,"Transcendental Etude No. 5 ""Feux Follets""","(51, 66.0)",378
193,Franz Liszt,"Transcendental Etude No. 5 ""Feux Follets""","(154, 169.0)",381
194,Franz Liszt,"Transcendental Etude No. 5 ""Feux Follets""","(43, 58.0)",383
195,Franz Liszt,"Transcendental Etude No. 5 “Feux Follets,” S.139, No. 5","(47, 62.0)",375
196,Franz Liszt,"Transcendental Etude No. 5, ""Feux Follets"", S. 139/5","(47, 62.0)",409
197,Franz Liszt,"Trois Etudes de Concert ""La leggierezza"", S.144","(167, 182.0)",369
198,Franz Liszt,"Valse de l'opera Faust de Charles Gounod, S.407","(514, 529.0)",449
199,Franz Liszt,"Valse de l'opera Faust de Charles Gounod, S.407","(532, 547.0)",431
200,Franz Liszt,Venezia e Napoli,"(147, 162.0)",261
201,Franz Liszt,Venezia e Napoli,"(274, 289.0)",323
202,Franz Liszt,Venezia e Napoli,"(383, 398.0)",490
203,Franz Liszt,"Venezia e Napoli, S. 162","(973, 988.0)",535
204,Franz Liszt,"Venezia e Napoli, S.162 (Complete)","(1017, 1032.0)",527
205,Franz Liszt,"Études d'exécution transcendante, No. 4, ""Mazeppa"" S.139/4","(377, 392.0)",430
206,Franz Liszt,"Études d'exécution transcendante, No. 4, ""Mazeppa"" S.139/4","(373, 388.0)",413
207,Franz Liszt,"Études d'exécution transcendante, No. 5, ""Feux follets"" S.139/5","(47, 62.0)",353
208,Franz Liszt / Camille Saint-Saëns,Danse Macabre S555/R240,"(460, 475.0)",462
209,Franz Schubert,Impromptu Op. 142 No. 1 F Minor,"(70, 85.0)",249
210,Franz Schubert,Impromptu Op. 142 No. 1 in F Minor,"(430, 445.0)",258
211,Franz Schubert,"Impromptu Op. 142 No. 1 in F Minor, D. 935","(365, 380.0)",264
212,Franz Schubert,"Impromptu Op. 142 No. 1 in F Minor, D. 935","(110, 125.0)",275
213,Franz Schubert,"Impromptu Op. 142 No. 1 in F Minor, D935","(354, 369.0)",248
214,Franz Schubert,"Impromptu Op. 142 No. 1, in F Minor, D935","(105, 120.0)",271
215,Franz Schubert,"Impromptu Op. 142 No. 3 in B-Flat Major, D935","(558, 573.0)",229
216,Franz Schubert,Impromptu Op. 142 No. 3 in B-flat Major,"(316, 331.0)",222
217,Franz Schubert,Impromptu Op. 142 No. 3 in B-flat Major,"(590, 605.0)",234
218,Franz Schubert,Impromptu Op. 142 No. 3 in B-flat Major,"(590, 605.0)",225
219,Franz Schubert,Impromptu Op. 142 No. 3 in B-flat Major,"(387, 402.0)",205
220,Franz Schubert,"Impromptu Op. 142 No. 3 in B-flat Major, D. 935","(574, 589.0)",216
221,Franz Schubert,"Impromptu Op. 142 No. 3 in B-flat Major, D. 935","(465, 480.0)",220
222,Franz Schubert,"Impromptu Op. 142 No. 3 in B-flat Major, D935","(551, 566.0)",251
223,Franz Schubert,"Impromptu Op. 142 No. 3 in B-flat Major, D935","(365, 380.0)",232
224,Franz Schubert,"Impromptu Op. 142 No. 3 in B-flat Major, D935","(179, 194.0)",224
225,Franz Schubert,"Impromptu Op. 142 No. 3 in B-flat Major, D935","(601, 616.0)",226
226,Franz Schubert,"Impromptu Op. 142 No. 3, in B-Flat Major, D935","(453, 468.0)",254
227,Franz Schubert,"Impromptu Op. 142 No. 3, in B-Flat Major, D935","(610, 625.0)",211
228,Franz Schubert,"Impromptu Op. 142 No. 3, in B-Flat Major, D935","(311, 326.0)",241
229,Franz Schubert,"Impromptu Op. 142 No. 3, in B-Flat Major, D935","(311, 326.0)",227
230,Franz Schubert,Impromptu Op. 90 No. 1,"(318, 333.0)",282
231,Franz Schubert,Impromptu Op. 90 No. 1 in C Minor,"(296, 311.0)",282
232,Franz Schubert,Impromptu Op. 90 No. 1 in C Minor,"(300, 315.0)",317
233,Franz Schubert,"Impromptu Op. 90 No. 1 in C Minor, D. 899","(319, 334.0)",274
234,Franz Schubert,"Impromptu Op. 90 No. 1, in C Minor, D899","(317, 332.0)",221
235,Franz Schubert,"Impromptu Op. 90 No. 1, in C Minor, D899","(319, 334.0)",280
236,Franz Schubert,Impromptu Op. 90 No. 2,"(207, 222.0)",293
237,Franz Schubert,Impromptu Op. 90 No. 2 E-flat Major,"(248, 263.0)",279
238,Franz Schubert,Impromptu Op. 90 No. 2 in E-flat Major,"(259, 274.0)",245
239,Franz Schubert,Impromptu Op. 90 No. 2 in E-flat Major,"(271, 286.0)",239
240,Franz Schubert,"Impromptu Op. 90 No. 2 in E-flat Major, D. 899","(272, 287.0)",253
241,Franz Schubert,"Impromptu Op. 90 No. 2 in E-flat Major, D899","(251, 266.0)",252
242,Franz Schubert,Impromptu Op. 90 No. 3 in G-flat,"(80, 95.0)",157
243,Franz Schubert,Impromptu Op. 90 No. 3 in G-flat Major,"(109, 124.0)",126
244,Franz Schubert,Impromptu Op. 90 No. 3 in G-flat Major,"(176, 191.0)",130
245,Franz Schubert,Impromptu Op. 90 No. 3 in G-flat Major,"(165, 180.0)",133
246,Franz Schubert,Impromptu Op. 90 No. 3 in G-flat Major,"(83, 98.0)",152
247,Franz Schubert,Impromptu Op. 90 No. 3 in G-flat Major,"(176, 191.0)",133
248,Franz Schubert,"Impromptu Op. 90 No. 3 in G-flat Major, D. 899","(174, 189.0)",133
249,Franz Schubert,"Impromptu Op. 90 No. 3 in G-flat Major, D. 899","(153, 168.0)",149
250,Franz Schubert,"Impromptu Op. 90 No. 3 in G-flat Major, D899","(102, 117.0)",127
251,Franz Schubert,"Impromptu Op. 90 No. 3, in G-flat Major, D899","(89, 104.0)",149
252,Franz Schubert,"Impromptu Op. 90 No. 3, in G-flat Major, D899","(112, 127.0)",178
253,Franz Schubert,"Impromptu Op. 90, No. 3, in G-flat Major, D899","(265, 280.0)",150
254,Franz Schubert,"Impromptu Op.142 No.3, in B-Flat Major, D935","(357, 372.0)",217
255,Franz Schubert,Impromptus Op. 90,"(259, 274.0)",255
256,Franz Schubert,"Impromptus Op. 90, No. 3","(97, 112.0)",131
257,Franz Schubert,Son. in Bb D.960,"(354, 369.0)",308
258,Franz Schubert,Son. in Bb D.960,"(640, 655.0)",304
259,Franz Schubert,Son. in Bb D.960,"(387, 402.0)",323
260,Franz Schubert,Son. in Bb D.961,"(251, 266.0)",156
261,Franz Schubert,Son. in Bb D.961,"(233, 248.0)",138
262,Franz Schubert,Son. in Bb D.961,"(307, 322.0)",137
263,Franz Schubert,Son. in Bb D.962,"(614, 629.0)",292
264,Franz Schubert,Son. in Bb D.962,"(755, 770.0)",289
265,Franz Schubert,Son. in Bb D.962,"(704, 719.0)",321
266,Franz Schubert,Sonata in A D959,"(248, 263.0)",286
267,Franz Schubert,Sonata in A D959,"(250, 265.0)",281
268,Franz Schubert,Sonata in A D959,"(262, 277.0)",304
269,Franz Schubert,Sonata in A D960,"(229, 244.0)",304
270,Franz Schubert,Sonata in A D960,"(218, 233.0)",340
271,Franz Schubert,Sonata in A D960,"(186, 201.0)",291
272,Franz Schubert,Sonata in A D961,"(854, 869.0)",275
273,Franz Schubert,Sonata in A D961,"(26, 41.0)",238
274,Franz Schubert,Sonata in A D961,"(801, 816.0)",250
275,Franz Schubert,Sonata in A D962,"(608, 623.0)",271
276,Franz Schubert,"Sonata in A Major, D. 959 (Complete)","(258, 273.0)",290
277,Franz Schubert,"Sonata in A Major, D. 959 (Complete)","(261, 276.0)",267
278,Franz Schubert,"Sonata in A Major, D. 959 (Complete)","(1164, 1179.0)",334
279,Franz Schubert,"Sonata in A Major, D959","(247, 262.0)",313
280,Franz Schubert,Sonata in A Min.,"(243, 258.0)",199
281,Franz Schubert,Sonata in A Min.,"(684, 699.0)",240
282,Franz Schubert,Sonata in A Min.,"(123, 138.0)",206
283,Franz Schubert,Sonata in A Min.,"(291, 306.0)",278
284,Franz Schubert,Sonata in A Min.,"(66, 81.0)",216
285,Franz Schubert,Sonata in A Min.,"(584, 599.0)",246
286,Franz Schubert,Sonata in A Min.,"(107, 122.0)",204
287,Franz Schubert,Sonata in A Min.,"(256, 271.0)",304
288,Franz Schubert,"Sonata in A Minor, D. 845","(56, 71.0)",229
289,Franz Schubert,"Sonata in A Minor, D. 846","(304, 319.0)",264
290,Franz Schubert,"Sonata in A Minor, D. 847","(264, 279.0)",188
291,Franz Schubert,"Sonata in A Minor, D. 848","(276, 291.0)",294
292,Franz Schubert,"Sonata in A Minor, D845","(1829, 1844.0)",281
293,Franz Schubert,"Sonata in A minor, D. 845 (Complete)","(945, 960.0)",365
294,Franz Schubert,Sonata in B-flat Major D. 960,"(622, 637.0)",293
295,Franz Schubert,Sonata in B-flat Major D. 961,"(238, 253.0)",128
296,Franz Schubert,Sonata in B-flat Major D. 962,"(155, 170.0)",299
297,Franz Schubert,Sonata in B-flat Major D. 963,"(134, 149.0)",307
298,Franz Schubert,"Sonata in B-flat Major, D. 960","(659, 674.0)",279
299,Franz Schubert,"Sonata in B-flat Major, D. 960 (Complete)","(624, 639.0)",288
300,Franz Schubert,"Sonata in B-flat Major, D. 960 (Complete)","(1947, 1962.0)",317
301,Franz Schubert,"Sonata in B-flat Major, D. 961","(262, 277.0)",119
302,Franz Schubert,"Sonata in B-flat Major, D. 962","(46, 61.0)",306
303,Franz Schubert,"Sonata in B-flat Major, D. 963","(500, 515.0)",281
304,Franz Schubert,"Sonata in B-flat Major, D960","(627, 642.0)",305
305,Franz Schubert,"Sonata in B-flat Major, D960","(227, 242.0)",131
306,Franz Schubert,"Sonata in B-flat Major, D960","(52, 67.0)",284
307,Franz Schubert,"Sonata in B-flat Major, D960","(440, 455.0)",292
308,Franz Schubert,"Sonata in B-flat Major, D960","(428, 443.0)",302
309,Franz Schubert,"Sonata in B-flat Major, D960","(226, 241.0)",135
310,Franz Schubert,"Sonata in B-flat Major, D960","(49, 64.0)",269
311,Franz Schubert,"Sonata in B-flat Major, D960","(470, 485.0)",281
312,Franz Schubert,"Sonata in B-flat Major, D960","(2546, 2561.0)",305
313,Franz Schubert,"Sonata in B-flat Major, D960","(1802, 1817.0)",323
314,Franz Schubert,"Sonata in C  Minor, D. 958","(176, 191.0)",261
315,Franz Schubert,"Sonata in C  Minor, D. 959","(144, 159.0)",250
316,Franz Schubert,"Sonata in C  Minor, D. 960","(1, 16.0)",190
317,Franz Schubert,"Sonata in C  Minor, D. 961","(120, 135.0)",399
318,Franz Schubert,"Sonata in C Minor, D. 958","(183, 198.0)",254
319,Franz Schubert,"Sonata in C Minor, D. 958","(23, 38.0)",224
320,Franz Schubert,"Sonata in C Minor, D. 958 (Complete)","(1387, 1402.0)",326
321,Franz Schubert,"Sonata in C Minor, D. 958 (Complete)","(1369, 1384.0)",334
322,Franz Schubert,"Sonata in C Minor, D. 959","(152, 167.0)",256
323,Franz Schubert,"Sonata in C Minor, D. 959","(183, 198.0)",232
324,Franz Schubert,"Sonata in C Minor, D. 960","(4, 19.0)",212
325,Franz Schubert,"Sonata in C Minor, D. 960","(3, 18.0)",210
326,Franz Schubert,"Sonata in C Minor, D. 961","(119, 134.0)",345
327,Franz Schubert,"Sonata in C Minor, D. 961","(432, 447.0)",319
328,Franz Schubert,"Sonata in C Minor, D958","(133, 148.0)",222
329,Franz Schubert,"Sonata in C Minor, D958","(366, 381.0)",227
330,Franz Schubert,"Sonata in C Minor, D958","(623, 638.0)",312
331,Franz Schubert,"Sonata in C Minor, D958","(174, 189.0)",257
332,Franz Schubert,"Sonata in C Minor, D958","(330, 345.0)",271
333,Franz Schubert,"Sonata in C Minor, D958","(588, 603.0)",368
334,Franz Schubert,"Sonata in C Minor, D958","(178, 193.0)",249
335,Franz Schubert,"Sonata in C Minor, D958","(323, 338.0)",265
336,Franz Schubert,"Sonata in C Minor, D958","(121, 136.0)",232
337,Franz Schubert,"Sonata in C Minor, D958","(125, 140.0)",339
338,Franz Schubert,"Sonata in C Minor, D958","(1617, 1632.0)",347
339,Franz Schubert,"Sonata in C Minor, D958","(1343, 1358.0)",323
340,Franz Schubert,"Sonata in C Minor, D958","(1518, 1533.0)",362
341,Franz Schubert,"Sonata in C Minor, D958","(1635, 1650.0)",323
342,Franz Schubert,"Sonata in D Major, D. 850 (Complete)","(21, 36.0)",279
343,Franz Schubert,"Sonata in D Major, D850","(371, 386.0)",292
344,Franz Schubert,"Sonata in D Major, D850","(611, 626.0)",240
345,Franz Schubert,"Sonata in D Major, D850","(65, 80.0)",244
346,Franz Schubert,"Sonata in D Major, D850","(101, 116.0)",269
347,Franz Schubert,"Sonata in D Major, D850","(173, 188.0)",288
348,Franz Schubert,Sonata in G Major D894,"(1522, 1537.0)",282
349,Franz Schubert,Sonata in G Major D894,"(1532, 1547.0)",300
350,Franz Schubert,Sonata in G Major D894,"(1623, 1638.0)",304
351,Franz Schubert,"Sonata in G Major, D 894","(590, 605.0)",177
352,Franz Schubert,"Sonata in G Major, D 894","(265, 280.0)",193
353,Franz Schubert,"Sonata in G Major, D 894","(79, 94.0)",278
354,Franz Schubert,"Sonata in G Major, D 894","(130, 145.0)",277
355,Franz Schubert,"Sonata in G Major, D. 894","(604, 619.0)",177
356,Franz Schubert,"Sonata in G Major, D. 894","(786, 801.0)",205
357,Franz Schubert,"Sonata in G Major, D. 895","(249, 264.0)",193
358,Franz Schubert,"Sonata in G Major, D. 895","(288, 303.0)",189
359,Franz Schubert,"Sonata in G Major, D. 896","(201, 216.0)",274
360,Franz Schubert,"Sonata in G Major, D. 896","(46, 61.0)",276
361,Franz Schubert,"Sonata in G Major, D. 897","(129, 144.0)",282
362,Franz Schubert,"Sonata in G Major, D. 897","(331, 346.0)",310
363,Franz Schubert,"Sonata in G Major, D894","(828, 843.0)",153
364,Franz Schubert,"Sonata in G Major, D894","(883, 898.0)",277
365,Franz Schubert,"Sonata in G Major, D894","(610, 625.0)",191
366,Franz Schubert,"Sonata in G Major, D894","(262, 277.0)",214
367,Franz Schubert,"Sonata in G Major, D894","(348, 363.0)",344
368,Franz Schubert / Franz Liszt,Die Forelle,"(136, 151.0)",290
369,Franz Schubert / Franz Liszt,"Fruelingsglaube, Die Junge Nonne","(313, 328.0)",353
370,Franz Schubert / Franz Liszt,"Song Transcriptions: Aufenthalt, Gretchen am Spinnrade, Standchen von Shakespeare, Der Erlkonig","(123, 138.0)",349
371,Franz Schubert / Franz Liszt,"Song Transcriptions: Aufenthalt, Gretchen am Spinnrade, Standchen von Shakespeare, Der Erlkonig","(106, 121.0)",293
372,Franz Schubert / Franz Liszt,"Staendchen from Schwannengesang, R245/7","(246, 261.0)",176
373,Franz Schubert / Franz Liszt,"Standchen, S. 558, NO. 9, ""Horch, horch! Die Lerch""","(116, 131.0)",296
374,Franz Schubert / Leopold Godowsky,Moment Musical Op. 94 No. 3 in F-sharp Minor,"(37, 52.0)",202
375,Fritz Kreisler / Sergei Rachmaninoff,Liebesfreud,"(266, 281.0)",377
376,Frédéric Chopin,"12 Etudes, Op. 25","(1181, 1196.0)",639
377,Frédéric Chopin,"12 Etudes, Op. 25","(170, 185.0)",362
378,Frédéric Chopin,"24 Preludes, Op. 28","(872, 887.0)",384
379,Frédéric Chopin,"Andante Spianato and Grand Polonaise Brilliante, Op. 22","(464, 479.0)",314
380,Frédéric Chopin,"Andante Spianato and Grand Polonaise Brilliante, Op. 22","(792, 807.0)",366
381,Frédéric Chopin,"Andante Spianato and Grande Polonaise Brillante, Op. 22","(364, 379.0)",352
382,Frédéric Chopin,"Andante Spianato and Grande Polonaise Brillante, Op. 22","(406, 421.0)",347
383,Frédéric Chopin,"Andante Spianato et Grande Polonaise Brillante, Op. 22","(384, 399.0)",299
384,Frédéric Chopin,"Andante Spianato et Grande Polonaise Brillante, Op. 22","(740, 755.0)",336
385,Frédéric Chopin,"Andante spianato e grande polonaise, Op. 22","(472, 487.0)",295
386,Frédéric Chopin,"Andante spianato e grande polonaise, Op. 22","(417, 432.0)",316
387,Frédéric Chopin,"Andante spianato et grande polonaise brillante, Op. 22","(390, 405.0)",335
388,Frédéric Chopin,"Andante spianato et grande polonaise brillante, Op. 22","(464, 479.0)",290
389,Frédéric Chopin,"Andante spianato et grande polonaise brillante, Op. 22","(400, 415.0)",319
390,Frédéric Chopin,"Andante spianato et grande polonaise brillante, Op. 22","(427, 442.0)",320
391,Frédéric Chopin,Ballade 4 Op. 52,"(548, 563.0)",343
392,Frédéric Chopin,"Ballade No. 1 in G Minor, Op. 23","(477, 492.0)",367
393,Frédéric Chopin,"Ballade No. 1 in G Minor, Op. 23","(476, 491.0)",338
394,Frédéric Chopin,"Ballade No. 1 in G Minor, Op. 23","(443, 458.0)",347
395,Frédéric Chopin,"Ballade No. 1 in G Minor, Op. 23","(446, 461.0)",348
396,Frédéric Chopin,"Ballade No. 1 in G Minor, Op. 23","(517, 532.0)",329
397,Frédéric Chopin,"Ballade No. 1 in G Minor, Op. 23","(437, 452.0)",389
398,Frédéric Chopin,"Ballade No. 1 in G Minor, Op. 23","(450, 465.0)",346
399,Frédéric Chopin,"Ballade No. 1 in G Minor, Op. 23","(458, 473.0)",359
400,Frédéric Chopin,"Ballade No. 1 in G Minor, Op. 23","(437, 452.0)",378
401,Frédéric Chopin,"Ballade No. 1 in G Minor, Op. 23","(487, 502.0)",366
402,Frédéric Chopin,Ballade No. 2 in F Major,"(296, 311.0)",398
403,Frédéric Chopin,"Ballade No. 2 in F Major, Op. 38","(385, 400.0)",385
404,Frédéric Chopin,"Ballade No. 2 in F Major, Op. 38","(365, 380.0)",363
405,Frédéric Chopin,"Ballade No. 2 in F Major, Op. 38","(413, 428.0)",424
406,Frédéric Chopin,"Ballade No. 3 in A-flat Major, Op. 47","(316, 331.0)",383
407,Frédéric Chopin,"Ballade No. 3 in A-flat Major, Op. 47","(321, 336.0)",373
408,Frédéric Chopin,"Ballade No. 4 in F Minor, Op. 52","(545, 560.0)",356
409,Frédéric Chopin,"Ballade No. 4 in F Minor, Op. 52","(594, 609.0)",307
410,Frédéric Chopin,"Ballade No. 4 in F Minor, Op. 52","(592, 607.0)",345
411,Frédéric Chopin,"Ballade No. 4 in F Minor, Op. 52","(559, 574.0)",345
412,Frédéric Chopin,"Ballade No. 4 in F Minor, Op. 52","(553, 568.0)",332
413,Frédéric Chopin,"Ballade No. 4 in F Minor, Op. 52","(620, 635.0)",304
414,Frédéric Chopin,"Ballade No. 4 in F minor, Op. 52","(609, 624.0)",331
415,Frédéric Chopin,Barcarolle in F#,"(393, 408.0)",312
416,Frédéric Chopin,"Barcarolle in F-sharp Major, Op. 60","(403, 418.0)",309
417,Frédéric Chopin,"Barcarolle, Op. 60","(449, 464.0)",285
418,Frédéric Chopin,"Barcarolle, Op. 60","(374, 389.0)",310
419,Frédéric Chopin,"Barcarolle, Op. 60","(428, 443.0)",293
420,Frédéric Chopin,"Barcarolle, Op. 60","(416, 431.0)",289
421,Frédéric Chopin,"Complete Etudes, Opus 25","(697, 712.0)",405
422,Frédéric Chopin,"Complete Etudes, Opus 25","(210, 225.0)",446
423,Frédéric Chopin,Etude Op. 10 No. 1,"(1, 16.0)",194
424,Frédéric Chopin,Etude Op. 10 No. 1,"(1, 16.0)",201
425,Frédéric Chopin,Etude Op. 10 No. 1,"(69, 84.0)",226
426,Frédéric Chopin,Etude Op. 10 No. 1,"(49, 64.0)",199
427,Frédéric Chopin,Etude Op. 10 No. 1,"(1, 16.0)",208
428,Frédéric Chopin,Etude Op. 10 No. 1 in C Major,"(2, 17.0)",194
429,Frédéric Chopin,Etude Op. 10 No. 1 in C Major,"(52, 67.0)",181
430,Frédéric Chopin,Etude Op. 10 No. 1 in C Major,"(2, 17.0)",196
431,Frédéric Chopin,Etude Op. 10 No. 10 in A-flat Major,"(7, 22.0)",329
432,Frédéric Chopin,Etude Op. 10 No. 2,"(12, 27.0)",286
433,Frédéric Chopin,Etude Op. 10 No. 2,"(9, 24.0)",342
434,Frédéric Chopin,Etude Op. 10 No. 2 in A Minor,"(55, 70.0)",309
435,Frédéric Chopin,Etude Op. 10 No. 4,"(50, 65.0)",328
436,Frédéric Chopin,Etude Op. 10 No. 4,"(48, 63.0)",348
437,Frédéric Chopin,Etude Op. 10 No. 4 in C-Sharp Minor,"(101, 116.0)",342
438,Frédéric Chopin,Etude Op. 10 No. 4 in C-Sharp Minor,"(1, 16.0)",337
439,Frédéric Chopin,Etude Op. 10 No. 4 in C-Sharp Minor,"(102, 117.0)",309
440,Frédéric Chopin,Etude Op. 10 No. 4 in C-sharp Minor,"(102, 117.0)",337
441,Frédéric Chopin,Etude Op. 10 No. 4 in C-sharp Minor,"(52, 67.0)",317
442,Frédéric Chopin,Etude Op. 10 No. 4 in C-sharp Minor,"(50, 65.0)",324
443,Frédéric Chopin,Etude Op. 10 No. 4 in C-sharp Minor,"(69, 84.0)",323
444,Frédéric Chopin,Etude Op. 10 No. 8,"(74, 89.0)",318
445,Frédéric Chopin,Etude Op. 10 No. 8,"(64, 79.0)",355
446,Frédéric Chopin,Etude Op. 10 No. 8 in F Major,"(70, 85.0)",311
447,Frédéric Chopin,Etude Op. 10 No. 8 in F Major,"(68, 83.0)",332
448,Frédéric Chopin,Etude Op. 10 No. 8 in F Major,"(78, 93.0)",295
449,Frédéric Chopin,Etude Op. 25 No. 1,"(109, 124.0)",268
450,Frédéric Chopin,Etude Op. 25 No. 1,"(50, 65.0)",273
451,Frédéric Chopin,Etude Op. 25 No. 1 in A-flat Major,"(24, 39.0)",236
452,Frédéric Chopin,Etude Op. 25 No. 1 in A-flat Major,"(3, 18.0)",247
453,Frédéric Chopin,Etude Op. 25 No. 10,"(22, 37.0)",529
454,Frédéric Chopin,Etude Op. 25 No. 10 in B Minor,"(16, 31.0)",599
455,Frédéric Chopin,Etude Op. 25 No. 10 in B Minor,"(20, 35.0)",631
456,Frédéric Chopin,Etude Op. 25 No. 10 in B Minor,"(5, 20.0)",489
457,Frédéric Chopin,Etude Op. 25 No. 11,"(193, 208.0)",327
458,Frédéric Chopin,Etude Op. 25 No. 11,"(187, 202.0)",309
459,Frédéric Chopin,Etude Op. 25 No. 11,"(171, 186.0)",356
460,Frédéric Chopin,Etude Op. 25 No. 11 in A Minor,"(211, 226.0)",294
461,Frédéric Chopin,Etude Op. 25 No. 11 in A Minor,"(175, 190.0)",356
462,Frédéric Chopin,Etude Op. 25 No. 11 in A Minor,"(194, 209.0)",316
463,Frédéric Chopin,Etude Op. 25 No. 11 in A Minor,"(191, 206.0)",339
464,Frédéric Chopin,Etude Op. 25 No. 11 in A Minor,"(173, 188.0)",364
465,Frédéric Chopin,Etude Op. 25 No. 11 in A Minor,"(196, 211.0)",308
466,Frédéric Chopin,Etude Op. 25 No. 12,"(56, 71.0)",331
467,Frédéric Chopin,Etude Op. 25 No. 12,"(1, 16.0)",303
468,Frédéric Chopin,Etude Op. 25 No. 12 in C Minor,"(112, 127.0)",378
469,Frédéric Chopin,Etude Op. 25 No. 5 in E Minor,"(137, 152.0)",288
470,Frédéric Chopin,Etude Op. 25 No. 6,"(54, 69.0)",438
471,Frédéric Chopin,Etude Op. 25 No. 6,"(51, 66.0)",445
472,Frédéric Chopin,Etude Op. 25 No. 6 in G-sharp Minor,"(51, 66.0)",437
473,Frédéric Chopin,Etude Op. 25 No. 6 in G-sharp Minor,"(48, 63.0)",413
474,Frédéric Chopin,"Etude in A Minor, Op. 25, No. 11","(198, 213.0)",324
475,Frédéric Chopin,"Etude in F Major, Op. 10, No. 8","(79, 94.0)",317
476,Frédéric Chopin,Etudes Op. 10 Nos. 8,"(73, 88.0)",319
477,Frédéric Chopin,Etudes Op. 25 Nos. 1-5,"(251, 266.0)",314
478,Frédéric Chopin,Mazurka Op. 50 No. 3 in C-sharp Minor,"(180, 195.0)",164
479,Frédéric Chopin,"Mazurka in C-sharp Minor, Op. 50 No. 3","(133, 148.0)",177
480,Frédéric Chopin,"Nocturne in C-Sharp Minor, Op. Posth.","(185, 200.0)",120
481,Frédéric Chopin,"Preludes, Book II, L 123, VI. Général Lavine - eccentric","(78, 93.0)",137
482,Frédéric Chopin,"Preludes, Op.28","(970, 985.0)",382
483,Frédéric Chopin,"Scherzo No. 2 in B-Flat Minor, Op.31","(560, 575.0)",317
484,Frédéric Chopin,"Scherzo No. 2 in B-flat Major, Op. 31","(561, 576.0)",291
485,Frédéric Chopin,"Scherzo No. 2 in B-flat Major, Op. 31","(542, 557.0)",300
486,Frédéric Chopin,"Scherzo No. 2 in B-flat Major, Op. 31","(426, 441.0)",279
487,Frédéric Chopin,"Scherzo No. 2 in B-flat Minor, Op. 31","(531, 546.0)",305
488,Frédéric Chopin,"Scherzo No. 2 in B-flat Minor, Op. 31","(479, 494.0)",317
489,Frédéric Chopin,"Scherzo No. 2 in B-flat Minor, Op. 31","(406, 421.0)",306
490,Frédéric Chopin,"Scherzo No. 2 in B-flat Minor, Op. 31","(394, 409.0)",350
491,Frédéric Chopin,"Scherzo No. 2 in B-flat Minor, Op. 31","(563, 578.0)",297
492,Frédéric Chopin,"Scherzo No. 2 in B-flat Minor, Op. 31","(558, 573.0)",318
493,Frédéric Chopin,"Scherzo No. 2 in B-flat Minor, Op.31","(416, 431.0)",289
494,Frédéric Chopin,Scherzo No. 3,"(386, 401.0)",296
495,Frédéric Chopin,"Scherzo No. 3 in C-sharp Minor, Op. 39","(39, 54.0)",283
496,Frédéric Chopin,"Scherzo No. 4  in E Major, Op. 54","(663, 678.0)",279
497,Frédéric Chopin,"Scherzo No. 4 in E Major, Op. 54","(616, 631.0)",305
498,Frédéric Chopin,"Scherzo No. 4 in E Major, Op. 54","(672, 687.0)",284
499,Frédéric Chopin,"Scherzo No. 4 in E Major, Op. 54","(601, 616.0)",320
500,Frédéric Chopin,"Scherzo No. 4 in E Major, Op. 54","(407, 422.0)",283
501,Frédéric Chopin,"Scherzo No. 4 in E Major, Op. 54","(646, 661.0)",301
502,Frédéric Chopin,"Scherzo No. 4 in E Major, Op. 54","(632, 647.0)",293
503,Frédéric Chopin,"Scherzo No. 4 in E Major, Op. 54","(637, 652.0)",304
504,Frédéric Chopin,"Scherzo No. 4 in E Major, Op. 54","(611, 626.0)",327
505,Frédéric Chopin,"Scherzo No. 4 in E Major, Op. 54","(601, 616.0)",289
506,Frédéric Chopin,"Scherzo No. 4 in E Major, Op. 54","(636, 651.0)",289
507,Frédéric Chopin,Sonata 3 Op. 58,"(1384, 1399.0)",380
508,Frédéric Chopin,Sonata No. 3,"(1539, 1554.0)",289
509,Frédéric Chopin,"Sonata No. 3 in B Minor, Op. 58","(256, 271.0)",260
510,Frédéric Chopin,"Sonata No. 3 in B Minor, Op. 58","(15, 30.0)",247
511,Frédéric Chopin,"Sonata No. 3 in B Minor, Op. 58","(705, 720.0)",317
512,Frédéric Chopin,"Sonata No. 3 in B Minor, Op. 58","(1606, 1621.0)",286
513,Frédéric Chopin,"Sonata No. 3 in B Minor, Op. 58","(1538, 1553.0)",297
514,Frédéric Chopin,"Sonata No. 3 in B Minor, Op. 58 (Complete)","(1487, 1502.0)",345
515,Frédéric Chopin,"Sonata No. 3 in B Minor, Op. 58 (Complete)","(1413, 1428.0)",362
516,Frédéric Chopin,"Sonata No. 3 in B Minor, Op. 58, 1st mov.","(274, 289.0)",237
517,Frédéric Chopin,"Sonata No. 3 in B Minor, Op. 58, I. Allegro maestoso","(261, 276.0)",256
518,Frédéric Chopin,"Sonata in B Minor, Op. 58","(1384, 1399.0)",355
519,Frédéric Chopin,"Two Preludes from Op. 28, Nos. 15 and 24","(158, 173.0)",134
520,Frédéric Chopin,"Two Preludes from Op. 28, Nos. 15 and 24","(75, 90.0)",297
521,George Enescu,Suite Op. 10,"(1305, 1320.0)",387
522,George Frideric Handel,Chaconne in G,"(231, 246.0)",233
523,George Frideric Handel,"Chaconne in G Major, HWV 435","(305, 320.0)",215
524,George Frideric Handel,"Suite No. 2 in F Major, HWV 427 (Complete)","(174, 189.0)",188
525,George Frideric Handel,Suite No. 3 in D Minor,"(592, 607.0)",243
526,George Frideric Handel,Suite No. 3 in D Minor,"(673, 688.0)",218
527,Georges Bizet / Ferruccio Busoni,"Sonatina No. 6, BV284 “Fantasia da Camera super Carmen”","(1, 16.0)",435
528,Georges Bizet / Moritz Moszkowski,"Chanson Boheme de l'Opera ""Carmen"" by Georges Bizet","(308, 323.0)",403
529,Georges Bizet / Vladimir Horowitz,Carmen Variations,"(212, 227.0)",452
530,Giuseppe Verdi / Franz Liszt,Rigoletto Parap.,"(318, 333.0)",377
531,Henry Purcell,"Suite in C Major, Z. 666 (Complete)","(7, 22.0)",148
532,Isaac Albéniz,Asturias,"(240, 255.0)",286
533,Isaac Albéniz,"Evocacion from ""Iberia""","(161, 176.0)",154
534,Isaac Albéniz,Iberia Book II,"(1120, 1135.0)",309
535,Isaac Albéniz,"Iberia, Evocation, Triana","(168, 183.0)",150
536,Isaac Albéniz,"Iberia, Evocation, Triana","(157, 172.0)",314
537,Isaac Albéniz,Navarra,"(111, 126.0)",333
538,Isaac Albéniz,Triana from 'Iberia',"(144, 159.0)",335
539,Isaac Albéniz / Leopold Godowsky,Tango,"(63, 78.0)",150
540,Jean-Philippe Rameau,RameauSelections,"(284, 299.0)",178
541,Johann Christian Fischer / Wolfgang Amadeus Mozart,12 Variations on a Theme from a Menuet by Fischer,"(648, 663.0)",227
542,Johann Pachelbel,Chaconne in F Minor,"(118, 133.0)",80
543,Johann Sebastian Bach,"Chromatic Fantasy and Fugue in D Minor, BWV 903","(602, 617.0)",226
544,Johann Sebastian Bach,"Chromatic Fantasy and Fugue in D Minor, BWV 903","(698, 713.0)",219
545,Johann Sebastian Bach,"Chromatic Fantasy and Fugue in D Minor, BWV 903","(500, 515.0)",209
546,Johann Sebastian Bach,"Duet in E Minor, BWV 802","(22, 37.0)",153
547,Johann Sebastian Bach,"Duet in G, BWV 804","(95, 110.0)",190
548,Johann Sebastian Bach,"English Suite No. 2  in A Minor, BWV 807, I. Prelude","(151, 166.0)",195
549,Johann Sebastian Bach,"English Suite in A Minor, BWV 807","(126, 141.0)",227
550,Johann Sebastian Bach,"English Suite in A Minor, BWV 807","(793, 808.0)",247
551,Johann Sebastian Bach,"English Suite no. 3 in G Minor, Prelude","(7, 22.0)",250
552,Johann Sebastian Bach,French Suite No. 5 in G Major,"(225, 240.0)",223
553,Johann Sebastian Bach,French Suite No. 5 in G Major,"(220, 235.0)",218
554,Johann Sebastian Bach,French Suite No. 5 in G Major,"(93, 108.0)",218
555,Johann Sebastian Bach,"Italian Concerto in F Major, BWV 971 (Complete)","(139, 154.0)",211
556,Johann Sebastian Bach,"Italian Concerto, BWV 971","(126, 141.0)",244
557,Johann Sebastian Bach,"Italian Concerto, BWV 971 (Complete)","(125, 140.0)",213
558,Johann Sebastian Bach,"Partita No. 1 in B-Flat Major, BWV 825 (Complete)","(304, 319.0)",196
559,Johann Sebastian Bach,"Partita No. 2 in C Minor, I. Sinfonia","(235, 250.0)",207
560,Johann Sebastian Bach,"Partita No. 4 in D Major, BWV 828","(1068, 1083.0)",232
561,Johann Sebastian Bach,Partita No. 6 in E Minor,"(1091, 1106.0)",176
562,Johann Sebastian Bach,"Partita in C Minor, BWV 826","(234, 249.0)",212
563,Johann Sebastian Bach,Prelude & Fugue,"(435, 450.0)",320
564,Johann Sebastian Bach,Prelude & Fugue,"(223, 238.0)",105
565,Johann Sebastian Bach,"Prelude & Fugue in B flat minor, Book I, BWV 867","(121, 136.0)",104
566,Johann Sebastian Bach,"Prelude & Fugue in G Minor, WTK II","(258, 273.0)",227
567,Johann Sebastian Bach,"Prelude and Fugue in A Major, WTC I, BWV 864","(145, 160.0)",174
568,Johann Sebastian Bach,"Prelude and Fugue in A Major, WTC II, BWV 888","(148, 163.0)",210
569,Johann Sebastian Bach,"Prelude and Fugue in A Minor, WTC I, BWV 865","(179, 194.0)",183
570,Johann Sebastian Bach,"Prelude and Fugue in A Minor, WTC I, BWV 865","(195, 210.0)",188
571,Johann Sebastian Bach,"Prelude and Fugue in A Minor, WTC I, BWV 865","(210, 225.0)",183
572,Johann Sebastian Bach,"Prelude and Fugue in A Minor, WTC II,  BWV 889","(199, 214.0)",176
573,Johann Sebastian Bach,"Prelude and Fugue in A Minor, WTC II, BWV 847","(179, 194.0)",180
574,Johann Sebastian Bach,"Prelude and Fugue in A Minor, WTC II, BWV 889","(202, 217.0)",165
575,Johann Sebastian Bach,"Prelude and Fugue in A Minor, WTC II, BWV 889","(208, 223.0)",172
576,Johann Sebastian Bach,"Prelude and Fugue in A Minor, WTC II, BWV 889","(200, 215.0)",155
577,Johann Sebastian Bach,"Prelude and Fugue in A Minor, WTC II, BWV 889","(185, 200.0)",194
578,Johann Sebastian Bach,"Prelude and Fugue in A Minor, WTC II, BWV 889","(174, 189.0)",177
579,Johann Sebastian Bach,"Prelude and Fugue in B Major, WTC II, BWV 892","(47, 62.0)",183
580,Johann Sebastian Bach,"Prelude and Fugue in B Major, WTC II, BWV 892","(55, 70.0)",169
581,Johann Sebastian Bach,"Prelude and Fugue in B Minor, WTC II","(149, 164.0)",190
582,Johann Sebastian Bach,"Prelude and Fugue in B Minor, WTC II","(151, 166.0)",207
583,Johann Sebastian Bach,"Prelude and Fugue in B Minor, WTC II, BWV 893","(160, 175.0)",192
584,Johann Sebastian Bach,"Prelude and Fugue in B-flat Minor, WTC I, BWV 867","(249, 264.0)",105
585,Johann Sebastian Bach,"Prelude and Fugue in B-flat Minor, WTC I, BWV 867","(117, 132.0)",106
586,Johann Sebastian Bach,"Prelude and Fugue in B-flat Minor, WTC I, BWV 867","(142, 157.0)",94
587,Johann Sebastian Bach,"Prelude and Fugue in B-flat Minor, WTC I, BWV 867","(136, 151.0)",93
588,Johann Sebastian Bach,"Prelude and Fugue in C Major, WTC  II, BWV 870","(157, 172.0)",204
589,Johann Sebastian Bach,"Prelude and Fugue in C Major, WTC II, BWV 846","(221, 236.0)",224
590,Johann Sebastian Bach,"Prelude and Fugue in C Major, WTC II, BWV 870","(190, 205.0)",190
591,Johann Sebastian Bach,"Prelude and Fugue in C Minor, WTC II, BWV 871","(34, 49.0)",159
592,Johann Sebastian Bach,"Prelude and Fugue in C sharp major, WTC I, BWV 848","(155, 170.0)",195
593,Johann Sebastian Bach,"Prelude and Fugue in C-Sharp Major, WTC I, BWV 848","(1, 16.0)",195
594,Johann Sebastian Bach,"Prelude and Fugue in C-Sharp Major, WTC I, BWV 848","(155, 170.0)",194
595,Johann Sebastian Bach,"Prelude and Fugue in C-sharp Major, BWV 848","(160, 175.0)",194
596,Johann Sebastian Bach,"Prelude and Fugue in C-sharp Major, WTC I","(137, 152.0)",219
597,Johann Sebastian Bach,"Prelude and Fugue in C-sharp Major, WTC I","(151, 166.0)",199
598,Johann Sebastian Bach,"Prelude and Fugue in C-sharp Major, WTC I, BWV 848","(5, 20.0)",183
599,Johann Sebastian Bach,"Prelude and Fugue in C-sharp Major, WTC I, BWV 848","(16, 31.0)",191
600,Johann Sebastian Bach,"Prelude and Fugue in C-sharp Major, WTC I, BWV 848","(15, 30.0)",207
601,Johann Sebastian Bach,"Prelude and Fugue in D Major, Book II","(82, 97.0)",204
602,Johann Sebastian Bach,"Prelude and Fugue in D Major, WTC II, BWV 874","(50, 65.0)",184
603,Johann Sebastian Bach,"Prelude and Fugue in D Major, WTC II, BWV 874","(92, 107.0)",192
604,Johann Sebastian Bach,"Prelude and Fugue in D Major, WTC II, BWV 874","(63, 78.0)",196
605,Johann Sebastian Bach,"Prelude and Fugue in D Major, WTC II, BWV 874","(95, 110.0)",91
606,Johann Sebastian Bach,"Prelude and Fugue in D Minor, WTC I, BWV 851","(2, 17.0)",151
607,Johann Sebastian Bach,"Prelude and Fugue in D-flat Major, WTC I, BWV 848","(154, 169.0)",198
608,Johann Sebastian Bach,"Prelude and Fugue in D-flat Major, WTC I, BWV 848","(176, 191.0)",178
609,Johann Sebastian Bach,"Prelude and Fugue in E Major, WTC I, BWV 854","(105, 120.0)",203
610,Johann Sebastian Bach,"Prelude and Fugue in E Major, WTC I, BWV 854","(91, 106.0)",200
611,Johann Sebastian Bach,"Prelude and Fugue in E Major, WTC I, BWV 854","(98, 113.0)",203
612,Johann Sebastian Bach,"Prelude and Fugue in E Major, WTC I, BWV 854","(97, 112.0)",194
613,Johann Sebastian Bach,"Prelude and Fugue in E Major, WTC I, BWV 854","(89, 104.0)",184
614,Johann Sebastian Bach,"Prelude and Fugue in E Major, WTC I, BWV 854  ","(126, 141.0)",187
615,Johann Sebastian Bach,"Prelude and Fugue in E-flat Major, WTC I","(298, 313.0)",173
616,Johann Sebastian Bach,"Prelude and Fugue in E-flat Major, WTC II, BWV 876","(204, 219.0)",155
617,Johann Sebastian Bach,"Prelude and Fugue in E-flat Major, WTC II, BWV 876","(22, 37.0)",142
618,Johann Sebastian Bach,"Prelude and Fugue in E-flat Minor WTC I, BWV 853","(378, 393.0)",86
619,Johann Sebastian Bach,"Prelude and Fugue in E-flat Minor, WTC I, BWV 853","(156, 171.0)",100
620,Johann Sebastian Bach,"Prelude and Fugue in E-flat Minor, WTC I, BWV 853","(378, 393.0)",93
621,Johann Sebastian Bach,"Prelude and Fugue in E-flat Minor, WTC I, BWV 853","(54, 69.0)",84
622,Johann Sebastian Bach,"Prelude and Fugue in E-flat Minor, WTC I, BWV 853","(44, 59.0)",94
623,Johann Sebastian Bach,"Prelude and Fugue in F Major, WTC I, BWV 856","(25, 40.0)",263
624,Johann Sebastian Bach,"Prelude and Fugue in F Major, WTC II","(254, 269.0)",182
625,Johann Sebastian Bach,"Prelude and Fugue in F Major, WTC II, BWV 880","(286, 301.0)",187
626,Johann Sebastian Bach,"Prelude and Fugue in F Minor, WTC I","(272, 287.0)",126
627,Johann Sebastian Bach,"Prelude and Fugue in F Minor, WTC I, BWV 857","(253, 268.0)",132
628,Johann Sebastian Bach,"Prelude and Fugue in F Minor, WTC I, BWV 857","(286, 301.0)",127
629,Johann Sebastian Bach,"Prelude and Fugue in F Minor, WTC I, BWV 857","(7, 22.0)",98
630,Johann Sebastian Bach,"Prelude and Fugue in F Minor, WTC I, BWV 857","(134, 149.0)",140
631,Johann Sebastian Bach,"Prelude and Fugue in F Minor, WTC I, BWV 857","(270, 285.0)",127
632,Johann Sebastian Bach,"Prelude and Fugue in F Minor, WTC I, BWV 857","(284, 299.0)",132
633,Johann Sebastian Bach,"Prelude and Fugue in G Major, WTC I","(31, 46.0)",226
634,Johann Sebastian Bach,"Prelude and Fugue in G Major, WTC I","(31, 46.0)",230
635,Johann Sebastian Bach,"Prelude and Fugue in G Major, WTC I","(32, 47.0)",231
636,Johann Sebastian Bach,"Prelude and Fugue in G Major, WTC I","(32, 47.0)",229
637,Johann Sebastian Bach,"Prelude and Fugue in G Major, WTC I, BWV 860","(28, 43.0)",240
638,Johann Sebastian Bach,"Prelude and Fugue in G Major, WTC I, BWV 860","(32, 47.0)",224
639,Johann Sebastian Bach,"Prelude and Fugue in G Major, WTC I, BWV 860","(31, 46.0)",232
640,Johann Sebastian Bach,"Prelude and Fugue in G Major, WTC II, BWV 884","(112, 127.0)",228
641,Johann Sebastian Bach,"Prelude and Fugue in G Minor, WTC II","(284, 299.0)",179
642,Johann Sebastian Bach,"Prelude and Fugue in G Minor, WTC II,  BWV 885","(253, 268.0)",214
643,Johann Sebastian Bach,"Prelude and Fugue in G Minor, WTC II, BWV 885","(279, 294.0)",216
644,Johann Sebastian Bach,"Prelude and Fugue in G Minor, WTC II, BWV 885","(14, 29.0)",47
645,Johann Sebastian Bach,"Prelude and Fugue in G-sharp Minor, WTC II, BWV 887","(35, 50.0)",203
646,Johann Sebastian Bach,Prelude from English Suite No. 3 in G Major,"(132, 147.0)",231
647,Johann Sebastian Bach,"Prelude from English Suite No. 6 in D Minor, BWV 811","(287, 302.0)",206
648,Johann Sebastian Bach,"Prelude from the English Suite No. 1 in A Major, BWV 806","(73, 88.0)",220
649,Johann Sebastian Bach,"Prelude from the English Suite No. 2 in A Minor, BWV 807","(130, 145.0)",224
650,Johann Sebastian Bach,Prelude from the English Suite No. 6,"(312, 327.0)",207
651,Johann Sebastian Bach,"Prelude from the English Suite No. 6 in D Minor, BWV 811","(282, 297.0)",216
652,Johann Sebastian Bach,"Toccata from Partita No. 6 in E Minor, Missing Opening!!!!","(135, 150.0)",120
653,Johann Sebastian Bach,"Toccata in C Minor, BWV 911","(424, 439.0)",189
654,Johann Sebastian Bach,"Toccata in C Minor, BWV 911","(412, 427.0)",196
655,Johann Sebastian Bach,"Toccata in E Minor, BWV 914","(395, 410.0)",243
656,Johann Sebastian Bach,"Toccata in E Minor, BWV 914","(343, 358.0)",268
657,Johann Sebastian Bach / Egon Petri,"""Sheep May Safely Graze""","(3, 18.0)",173
658,Johann Sebastian Bach / Egon Petri,"Sheep May Safely Graze, from Bach's Birthday Cantata","(3, 18.0)",162
659,Johann Sebastian Bach / Ferruccio Busoni,"""Wachet  auf, ruft uns die Stimme' BWV 645","(101, 116.0)",95
660,Johann Sebastian Bach / Ferruccio Busoni,Chaconne BWV1004,"(778, 793.0)",390
661,Johann Sebastian Bach / Ferruccio Busoni,Chaconne in D Minor,"(503, 518.0)",363
662,Johann Sebastian Bach / Ferruccio Busoni,"Chaconne in D Minor, BWV 1004","(544, 559.0)",358
663,Johann Sebastian Bach / Ferruccio Busoni,Toccata in DMin.,"(312, 327.0)",364
664,Johann Sebastian Bach / Franz Liszt,"Prelude and Fugue in A Minor, S.462/1","(130, 145.0)",179
665,Johann Sebastian Bach / Franz Liszt,"Prelude and Fugue in A Minor, S.462/1","(274, 289.0)",221
666,Johann Sebastian Bach / Franz Liszt,Var. on BACH,"(674, 689.0)",436
667,Johann Sebastian Bach / Myra Hess,"Jesu, Joy of Man’s Desiring, BWV 147","(95, 110.0)",125
668,Johann Strauss / Alfred Grünfeld,"Soiree de Vienne, Op. 56 (Concert Paraphrase on the overture from Die Fledermaus)","(136, 151.0)",359
669,Johannes Brahms,Fantasias Op. 116 (Selections),"(948, 963.0)",250
670,Johannes Brahms,Fantasien Op.116,"(128, 143.0)",228
671,Johannes Brahms,"Fantasies, Op. 116 No. 7 (Complete)","(98, 113.0)",285
672,Johannes Brahms,Intermezzo Op. 118 No. 6 in E-flat Minor,"(169, 184.0)",237
673,Johannes Brahms,"Paganini Variations, Op. 35 Book 2","(386, 401.0)",367
674,Johannes Brahms,"Paganini Variations, Op. 35 Book II","(647, 662.0)",401
675,Johannes Brahms,"Paganini Variations, Op. 35 Books I and II","(30, 45.0)",446
676,Johannes Brahms,"Six Pieces for Piano, Op. 118","(478, 493.0)",300
677,Johannes Brahms,"Sonata No. 3 in F Minor, Op. 5","(938, 953.0)",280
678,Johannes Brahms,Sonata Op. 5,"(1221, 1236.0)",283
679,Johannes Brahms,"Sonata in F Minor, Op. 5","(310, 325.0)",227
680,Johannes Brahms,"Sonata in F Minor, Op. 5","(972, 987.0)",266
681,Johannes Brahms,"Sonata in F Minor, Op. 5","(590, 605.0)",258
682,Johannes Brahms,"Variations and Fugue on the Theme of Händel, Op. 24","(1387, 1402.0)",336
683,Johannes Brahms,"Variations and Fugue on the theme of Handel, Op. 24","(203, 218.0)",331
684,Johannes Brahms,"Variations on a Theme by Paganini, Op. 35 Book II","(399, 414.0)",355
685,Johannes Brahms,"Variations on a Theme by Paganini, Op. 35 Book II","(236, 251.0)",373
686,Johannes Brahms,"Variations on a Theme by Paganini, Op. 35, Book II","(421, 436.0)",366
687,Johannes Brahms,"Variations on a Theme by Paganini, Op. 35, Volumes 1 & 2","(32, 47.0)",403
688,Johannes Brahms,Variations on a theme by Paganini (Books I & II),"(31, 46.0)",440
689,Joseph Haydn,"Piano Sonata in C major, Hob. XVI:50 (Complete)","(727, 742.0)",310
690,Joseph Haydn,Son. Hob. XVI:32,"(405, 420.0)",324
691,Joseph Haydn,Son. Hob. XVI:52,"(805, 820.0)",231
692,Joseph Haydn,Son. Hob. XVI:52,"(862, 877.0)",236
693,Joseph Haydn,"Sonata in A-Flat Major, Hob. XVI:46, I. Allegro moderato","(138, 153.0)",172
694,Joseph Haydn,"Sonata in A-flat Major, Hob. XVI: 46, I. Allegro moderato","(144, 159.0)",166
695,Joseph Haydn,"Sonata in A-flat Major, No. 31 Hob. XVI:46, 1st mov.","(107, 122.0)",203
696,Joseph Haydn,"Sonata in B-flat Major, Hob.XVI:41","(117, 132.0)",204
697,Joseph Haydn,"Sonata in C Major, Hob. XVI/50","(822, 837.0)",299
698,Joseph Haydn,"Sonata in C Major, Hob. XVI: 50, I. Allegro","(303, 318.0)",261
699,Joseph Haydn,"Sonata in C Major, Hob. XVI: 50, I. Allegro","(292, 307.0)",267
700,Joseph Haydn,"Sonata in C Major, Hob. XVI:48 (Complete)","(491, 506.0)",233
701,Joseph Haydn,"Sonata in C Major, Hob. XVI:48 (Complete)","(678, 693.0)",254
702,Joseph Haydn,"Sonata in C Major, Hob. XVI:50","(280, 295.0)",271
703,Joseph Haydn,"Sonata in C Major, Hob. XVI:50","(103, 118.0)",118
704,Joseph Haydn,"Sonata in C Major, Hob. XVI:50","(70, 85.0)",302
705,Joseph Haydn,"Sonata in C Major, Hob. XVI:50, 1st mov.","(268, 283.0)",281
706,Joseph Haydn,"Sonata in C Major, Hob. XVI:50, 1st mov.","(298, 313.0)",273
707,Joseph Haydn,"Sonata in C Major, Hob. XVI:50, First Movement","(302, 317.0)",265
708,Joseph Haydn,"Sonata in C major, Hob. XVI: 50","(740, 755.0)",286
709,Joseph Haydn,"Sonata in E Major, Hob. XVI:31, First Movement","(99, 114.0)",168
710,Joseph Haydn,"Sonata in E-flat Major, Hob. XVI: 52, I. Allegro","(177, 192.0)",230
711,Joseph Haydn,"Sonata in E-flat Major, Hob. XVI:52, 1st mov.","(174, 189.0)",230
712,Joseph Haydn,"Sonata in E-flat Major, Hob. XVI:52, First Movement","(173, 188.0)",232
713,Joseph Haydn,"Sonata in E-flat Major, Hob. XVI:52, First Movement","(170, 185.0)",239
714,Joseph Haydn,"Sonata in E-flat Major, Hob. XVI:52, First Movement","(173, 188.0)",241
715,Joseph Haydn,"Sonata in E-flat major, Hob. XVI:52, I. Allegro","(176, 191.0)",233
716,Joseph Haydn,"Sonata in F Major, Hob. XVI:23","(247, 262.0)",217
717,Joseph Haydn,"Sonata in in F Major, Hob. XVI: 23, I. Allegro moderato","(171, 186.0)",223
718,Leoš Janáček,In the Mists,"(110, 125.0)",238
719,Leoš Janáček,"In the Mists, I. Andante  ","(108, 123.0)",229
720,Leoš Janáček,"Piano Sonata 1. X. 1905 ""From the Street""","(288, 303.0)",242
721,Leoš Janáček,"Sonata 1.x.1905 ""On the Streets""","(705, 720.0)",333
722,Ludwig van Beethoven,Bagatelles Op126,"(509, 524.0)",209
723,Ludwig van Beethoven,"Bagatelles, Op. 126 (Complete)","(483, 498.0)",180
724,Ludwig van Beethoven,"Bagtellen, Op.126","(477, 492.0)",209
725,Ludwig van Beethoven,"Fantasia, Op. 77","(264, 279.0)",370
726,Ludwig van Beethoven,"Sonata No. 17 in D Minor, Op. 31 No. 2, 1st Movement","(205, 220.0)",282
727,Ludwig van Beethoven,"Sonata No. 17 in D Minor, Op. 31 No. 2, First Movement","(201, 216.0)",281
728,Ludwig van Beethoven,"Sonata No. 17 in D Minor, Op. 31 No. 2, First Movement","(173, 188.0)",297
729,Ludwig van Beethoven,"Sonata No. 17 in D minor, Op. 31 No. 2, 1st mov.","(168, 183.0)",351
730,Ludwig van Beethoven,"Sonata No. 17, Op. 31 No. 2 in D Minor ""Tempest"", I. Largo-Allegro","(181, 196.0)",321
731,Ludwig van Beethoven,"Sonata No. 17, Op. 31 No. 2 in D Minor ""Tempest"", I. Largo-Allegro","(187, 202.0)",308
732,Ludwig van Beethoven,"Sonata No. 17, Op. 31 No. 2 in D Minor ""Tempest"", I. Largo-Allegro","(175, 190.0)",298
733,Ludwig van Beethoven,"Sonata No. 17, Op. 31 No. 2 in D Minor ""Tempest"", I. Largo-Allegro","(191, 206.0)",302
734,Ludwig van Beethoven,"Sonata No. 21 in  C Major, Op. 53","(1319, 1334.0)",354
735,Ludwig van Beethoven,"Sonata No. 21 in C Major, Op. 53","(93, 108.0)",334
736,Ludwig van Beethoven,"Sonata No. 21 in C Major, Op. 53, ""Waldstein"", First Movement","(101, 116.0)",318
737,Ludwig van Beethoven,"Sonata No. 21 in C Major, Op. 53, ""Waldstein"", First Movement","(368, 383.0)",328
738,Ludwig van Beethoven,"Sonata No. 21 in C Major, Op. 53, ""Waldstein"", First Movement","(346, 361.0)",343
739,Ludwig van Beethoven,"Sonata No. 21 in C Major, Op. 53, 1st mov.","(375, 390.0)",308
740,Ludwig van Beethoven,"Sonata No. 21 in C Major, Op. 53, First Movement","(386, 401.0)",352
741,Ludwig van Beethoven,"Sonata No. 21 in C Major, Op. 53, I. Allegro con brio","(88, 103.0)",341
742,Ludwig van Beethoven,"Sonata No. 21 in C Major, Op. 53, I. Allegro con brio","(94, 109.0)",338
743,Ludwig van Beethoven,"Sonata No. 21 in C major, Op. 53, 1st mov.","(357, 372.0)",318
744,Ludwig van Beethoven,"Sonata No. 21 in C major, Op. 53, “Waldstein,” I. Allegro con brio","(336, 351.0)",339
745,Ludwig van Beethoven,"Sonata No. 21, Op. 53, ""Waldstein"", I. Allegro con brio","(334, 349.0)",345
746,Ludwig van Beethoven,"Sonata No. 21, Op. 53, ""Waldstein"", I. Allegro con brio","(92, 107.0)",329
747,Ludwig van Beethoven,"Sonata No. 21, Op. 53, ""Waldstein"", I. Allegro con brio","(340, 355.0)",338
748,Ludwig van Beethoven,"Sonata No. 21, Op. 53, ""Waldstein"", I. Allegro con brio","(351, 366.0)",346
749,Ludwig van Beethoven,"Sonata No. 21, Op. 53, ""Waldstein"", I. Allegro con brio","(89, 104.0)",339
750,Ludwig van Beethoven,"Sonata No. 21, Op. 53, ""Waldstein"", I. Allegro con brio","(340, 355.0)",347
751,Ludwig van Beethoven,"Sonata No. 23 in F Minor, Op. 57 ""Appassionata"", First Movement","(559, 574.0)",400
752,Ludwig van Beethoven,"Sonata No. 23 in F Minor, Op. 57 (Complete)","(1201, 1216.0)",434
753,Ludwig van Beethoven,"Sonata No. 23 in F Minor, Op. 57, First Movement","(498, 513.0)",388
754,Ludwig van Beethoven,"Sonata No. 23 in F Minor, Op. 57, First Movement","(545, 560.0)",415
755,Ludwig van Beethoven,"Sonata No. 23 in F Minor, Op. 57, First Movement","(535, 550.0)",375
756,Ludwig van Beethoven,"Sonata No. 23 in F Minor, Op. 57, First movement","(537, 552.0)",416
757,Ludwig van Beethoven,"Sonata No. 23, Op. 57 in F Minor, ""Appassionata"", I. Allegro assai","(491, 506.0)",409
758,Ludwig van Beethoven,"Sonata No. 24 in F-Sharp Major, Op. 78","(311, 326.0)",234
759,Ludwig van Beethoven,"Sonata No. 24 in F-sharp Major, Op. 78","(175, 190.0)",227
760,Ludwig van Beethoven,"Sonata No. 24 in F-sharp Major, Op. 78, First Movement","(51, 66.0)",227
761,Ludwig van Beethoven,"Sonata No. 26 in 3-flat Major, Op. 81a (2nd & 3rd Movements)","(170, 185.0)",261
762,Ludwig van Beethoven,"Sonata No. 26 in 3-flat Major, Op. 81a (2nd & 3rd Movements)","(344, 359.0)",406
763,Ludwig van Beethoven,"Sonata No. 26 in E-Flat Major, Op. 81a, ""Les Adiex"", First Movement","(100, 115.0)",257
764,Ludwig van Beethoven,"Sonata No. 26 in E-Flat Major, Op. 81a, ""Les Adiex"", First Movement","(180, 195.0)",247
765,Ludwig van Beethoven,"Sonata No. 26 in E-flat Major, Op. 81a, I. Das Lebewohl. Adagio - Allegro","(243, 258.0)",261
766,Ludwig van Beethoven,"Sonata No. 28 in A Major, Op. 101 (Complete)","(845, 860.0)",266
767,Ludwig van Beethoven,"Sonata No. 28 in A Major, Op. 101 (Complete)","(853, 868.0)",248
768,Ludwig van Beethoven,"Sonata No. 28 in A Major, Op. 101 (Complete)","(903, 918.0)",254
769,Ludwig van Beethoven,"Sonata No. 30 in E Major, Op. 109","(1017, 1032.0)",297
770,Ludwig van Beethoven,"Sonata No. 31 In A-flat Major, Op. 110","(340, 355.0)",257
771,Ludwig van Beethoven,"Sonata No. 31 in A-Flat Major, Op. 110 (Complete)","(402, 417.0)",243
772,Ludwig van Beethoven,"Sonata No. 31 in A-flat Major, Op. 110","(363, 378.0)",235
773,Ludwig van Beethoven,"Sonata No. 31 in A-flat Major, Op. 110 (Complete)","(362, 377.0)",253
774,Ludwig van Beethoven,"Sonata No. 31 in A-flat Major, Op. 110, First movement","(237, 252.0)",171
775,Ludwig van Beethoven,"Sonata No. 32 in C Minor, Op. 111","(1289, 1304.0)",310
776,Ludwig van Beethoven,"Sonata No. 32 in C Minor, Op. 111 (Complete)","(1260, 1275.0)",424
777,Ludwig van Beethoven,"Sonata No. 32 in C minor, Op. 111","(1270, 1285.0)",308
778,Ludwig van Beethoven,"Sonata No. 4 in E-flat Major, Op. 7, 1st mov.","(56, 71.0)",283
779,Ludwig van Beethoven,"Sonata No. 4 in E-flat Major, Op. 7, 1st mov.","(57, 72.0)",283
780,Ludwig van Beethoven,"Sonata No. 4 in E-flat Major, Op. 7, First Movement","(55, 70.0)",288
781,Ludwig van Beethoven,"Sonata No. 4 in E-flat Major, Op. 7, I. Allegro molto e con brio","(59, 74.0)",279
782,Ludwig van Beethoven,"Sonata No. 4 in E-flat Major, Op. 7, I. Allegro molto e con brio","(55, 70.0)",289
783,Ludwig van Beethoven,"Sonata No. 4 in E-flat Major, Op. 7, I. Allegro molto e con brio","(226, 241.0)",273
784,Ludwig van Beethoven,"Sonata No. 7 in D Major, Op. 10 No. 3","(285, 300.0)",259
785,Ludwig van Beethoven,"Sonata No. 7 in D Major, Op. 10 No. 3, 1st mov.","(268, 283.0)",268
786,Ludwig van Beethoven,"Sonata No. 7 in D Major, Op. 10 No. 3, 1st mov.","(382, 397.0)",273
787,Ludwig van Beethoven,"Sonata No. 7 in D Major, Op. 10 No. 3, First Movement","(263, 278.0)",267
788,Ludwig van Beethoven,"Sonata No. 7, Op. 10 No. 3 in D Major, I. Presto","(289, 304.0)",261
789,Ludwig van Beethoven,"Sonata No. 7, Op. 10 No. 3 in D Major, I. Presto","(274, 289.0)",268
790,Ludwig van Beethoven,Sonata Op. 10/3,"(287, 302.0)",260
791,Ludwig van Beethoven,Sonata Op. 101,"(1084, 1099.0)",261
792,Ludwig van Beethoven,Sonata Op. 110,"(363, 378.0)",215
793,Ludwig van Beethoven,Sonata Op. 54 in F Major,"(512, 527.0)",365
794,Ludwig van Beethoven,Sonata Op. 78,"(165, 180.0)",229
795,Ludwig van Beethoven,"Sonata Op. 81 No. 26, 'Les Adieux'","(221, 236.0)",262
796,Ludwig van Beethoven,"Sonata Op. 81 No. 26, 'Les Adieux'","(449, 464.0)",385
797,Ludwig van Beethoven,"Sonata in A-flat, Op. 110","(174, 189.0)",193
798,Ludwig van Beethoven,"Sonata in A-flat, Op. 110","(698, 713.0)",205
799,Ludwig van Beethoven,"Sonata in A-flat, Op. 110","(411, 426.0)",242
800,Ludwig van Beethoven,"Sonata in C Major, Op. 53 'Waldstein'","(631, 646.0)",350
801,Ludwig van Beethoven,"Sonata in D Minor, Op. 31 No. 2 ""Tempest""","(331, 346.0)",280
802,Ludwig van Beethoven,"Sonata in D minor, Op. 31, No. 2","(304, 319.0)",302
803,Ludwig van Beethoven,"Sonata in D minor, Op. 31, No. 2","(697, 712.0)",281
804,Ludwig van Beethoven,"Sonata in E Major, Op. 109","(1011, 1026.0)",316
805,Ludwig van Beethoven,"Sonata in E-flat Major, Op. 81a","(817, 832.0)",384
806,Ludwig van Beethoven,"Thirty-Two Variaions in C Minor, WoO80","(547, 562.0)",333
807,Ludwig van Beethoven,"Thirty-Two Variaions in C Minor, WoO80","(490, 505.0)",396
808,Ludwig van Beethoven,"Thirty-Two Variaions in C Minor, WoO80","(117, 132.0)",376
809,Ludwig van Beethoven,"Thirty-Two Variaions in C Minor, WoO80","(534, 549.0)",373
810,Ludwig van Beethoven,"Thirty-Two Variations  in C Minor, WoO 80","(120, 135.0)",359
811,Ludwig van Beethoven,"Thirty-Two Variations in C Minor, WoO 80","(457, 472.0)",426
812,Ludwig van Beethoven,"Thirty-Two Variations in C Minor, WoO 80","(549, 564.0)",391
813,Ludwig van Beethoven,"Thirty-Two Variations in C Minor, WoO 80","(542, 557.0)",365
814,Ludwig van Beethoven,"Thirty-Two Variations in C Minor, WoO 80","(552, 567.0)",370
815,Ludwig van Beethoven,"Thirty-Two Variations in C Minor, WoO 80","(113, 128.0)",358
816,Ludwig van Beethoven,"Thirty-Two Variations in C Minor, WoO 80","(485, 500.0)",412
817,Ludwig van Beethoven,"Thirty-Two Variations in C Minor, WoO 80","(578, 593.0)",343
818,Ludwig van Beethoven,"Thirty-Two Variations in C Minor, WoO 80","(575, 590.0)",361
819,Ludwig van Beethoven,"Thirty-Two Variations in C Minor, WoO 80","(607, 622.0)",292
820,Ludwig van Beethoven,"Thirty-Two Variations in C Minor, WoO 80","(515, 530.0)",433
821,Ludwig van Beethoven,"Thirty-Two Variations in C Minor, WoO 80","(122, 137.0)",307
822,Ludwig van Beethoven,"Thirty-Two Variations in C Minor, WoO 80","(513, 528.0)",366
823,Ludwig van Beethoven,"Thirty-Two Variations in C Minor, WoO 80","(573, 588.0)",329
824,Ludwig van Beethoven,"Thirty-Two Variations in C Minor, WoO 80","(520, 535.0)",373
825,Ludwig van Beethoven,"Thirty-Two Variations in C Minor, WoO 80","(511, 526.0)",404
826,Ludwig van Beethoven,"Thirty-Two Variations in C Minor, WoO 80","(123, 138.0)",353
827,Ludwig van Beethoven,"Thirty-Two Variations in C Minor, WoO 80","(115, 130.0)",336
828,Ludwig van Beethoven,"Thirty-Two Variations in C Minor, WoO 80","(507, 522.0)",395
829,Ludwig van Beethoven,"Thirty-Two Variations in C minor, WoO 80","(503, 518.0)",398
830,Ludwig van Beethoven,"Thirty-Two Variations in C minor, WoO 80    ","(562, 577.0)",407
831,Ludwig van Beethoven,"Thirty-Two Variations in C minor, WoO 80    ","(587, 602.0)",364
832,Mikhail Glinka / Mily Balakirev,Lark,"(236, 251.0)",311
833,Mikhail Glinka / Mily Balakirev,Lark,"(205, 220.0)",274
834,Mily Balakirev,"In the Garden, Etude-Idyll","(91, 106.0)",196
835,Modest Mussorgsky,Pictures at an E,"(1700, 1715.0)",389
836,Modest Mussorgsky,Pictures at an E,"(1204, 1219.0)",313
837,Modest Mussorgsky,Pictures at an Exhibition,"(1462, 1477.0)",339
838,Modest Mussorgsky,Pictures at an Exhibition,"(1603, 1618.0)",340
839,Modest Mussorgsky,Pictures at an Exhibition,"(1049, 1064.0)",331
840,Modest Mussorgsky,Pictures at an Exhibition,"(1431, 1446.0)",377
841,Muzio Clementi,"Sonata Bb, Op. 24, No. 2","(649, 664.0)",261
842,Muzio Clementi,Sonata Op. 24/2,"(633, 648.0)",250
843,Muzio Clementi,"Sonata Op. 25 No. 5 in F-sharp Minor, First Movement","(159, 174.0)",194
844,Muzio Clementi,"Sonata in B-flat Major, Op.24, No. 2","(623, 638.0)",256
845,Muzio Clementi,Sonata in F# Min,"(467, 482.0)",239
846,Muzio Clementi,"Sonata in F-sharp minor, op. 25 no. 5, 1st mov.","(175, 190.0)",181
847,Niccolò Paganini / Franz Liszt,Etude No. 6 in A Minor,"(116, 131.0)",483
848,Nikolai Medtner,"Fairy Tale in D Minor, Op. 54","(199, 214.0)",188
849,Nikolai Medtner,"Fairy Tales Op. 51 No. 1, 2 and No. 3","(105, 120.0)",298
850,Nikolai Medtner,"Sonata Tragica, Op. 39, No. 5","(419, 434.0)",395
851,Nikolai Medtner,"Three Fairy Tales ""Skazki"" from Op. 34","(283, 298.0)",306
852,Nikolai Medtner,Two Fairy Tales,"(112, 127.0)",409
853,Nikolai Rimsky-Korsakov / Sergei Rachmaninoff,The Flight of the Bunble-Bee,"(34, 49.0)",347
854,Orlando Gibbons,Pavan,"(204, 219.0)",137
855,Percy Grainger,Ramble on the Last Love - Duet,"(122, 137.0)",255
856,Pyotr Ilyich Tchaikovsky,Dumka,"(355, 370.0)",312
857,Pyotr Ilyich Tchaikovsky,"Dumka, Op. 59","(335, 350.0)",307
858,Pyotr Ilyich Tchaikovsky,"Dumka, Op.59","(353, 368.0)",300
859,Pyotr Ilyich Tchaikovsky,Meditation,"(103, 118.0)",332
860,Pyotr Ilyich Tchaikovsky,Russian Scherzo Op. 1,"(348, 363.0)",428
861,Pyotr Ilyich Tchaikovsky,"The Seasons, Op. 37a (Selections)","(56, 71.0)",211
862,Pyotr Ilyich Tchaikovsky / Mikhail Pletnev,"Andante Maestoso from ""Nutcracker Suite""","(197, 212.0)",360
863,Pyotr Ilyich Tchaikovsky / Mikhail Pletnev,Concert Suite from the Ballet Nutcracker,"(571, 586.0)",424
864,Pyotr Ilyich Tchaikovsky / Mikhail Pletnev,Concert Suite from the Nutcracker,"(220, 235.0)",337
865,Pyotr Ilyich Tchaikovsky / Mikhail Pletnev,"Intermezzo from ""Nutcracker Suite""","(155, 170.0)",234
866,Pyotr Ilyich Tchaikovsky / Mikhail Pletnev,"March from ""Nutcracker Suite","(73, 88.0)",308
867,Pyotr Ilyich Tchaikovsky / Mikhail Pletnev,Nutcracker Suite,"(575, 590.0)",433
868,Pyotr Ilyich Tchaikovsky / Sergei Rachmaninoff,Lullaby,"(173, 188.0)",185
869,Pyotr Ilyich Tchaikovsky / Sergei Rachmaninoff,"Lullaby Op. 16, No. 1","(250, 265.0)",155
870,Robert Schumann,ABEGG Op. 1,"(395, 410.0)",299
871,Robert Schumann,ABEGG Variations Op. 1,"(191, 206.0)",274
872,Robert Schumann,"ABEGG Variations, Op. 1","(429, 444.0)",279
873,Robert Schumann,"ABEGG Variations, Op. 1","(185, 200.0)",279
874,Robert Schumann,"ABEGG Variations, Op. 1","(198, 213.0)",311
875,Robert Schumann,"ABEGG Variations, Op. 1","(366, 381.0)",334
876,Robert Schumann,"ABEGG Variations, Op. 1","(193, 208.0)",266
877,Robert Schumann,"Carnaval, Op. 9","(1630, 1645.0)",369
878,Robert Schumann,"Carnaval, Op. 9","(1369, 1384.0)",378
879,Robert Schumann,"Carnaval, Op. 9","(1443, 1458.0)",378
880,Robert Schumann,"Carnaval, Op. 9","(1225, 1240.0)",428
881,Robert Schumann,Fantasie Op. 17,"(1196, 1211.0)",398
882,Robert Schumann,Fantasie Op. 17,"(1197, 1212.0)",320
883,Robert Schumann,"Fantasy Pieces, Op. 12","(1096, 1111.0)",414
884,Robert Schumann,"Fantasy in C Major, Op. 17","(1229, 1244.0)",345
885,Robert Schumann,Kreisleriana,"(889, 904.0)",279
886,Robert Schumann,"Kreisleriana, Op. 16","(23, 38.0)",241
887,Robert Schumann,"Kreisleriana, Op. 16","(250, 265.0)",268
888,Robert Schumann,"Kreisleriana, Op. 16","(894, 909.0)",282
889,Robert Schumann,"Kreisleriana, Op. 16 (1st edition) (Complete)","(795, 810.0)",293
890,Robert Schumann,"Kreisleriana, Op. 16 (Complete)","(972, 987.0)",286
891,Robert Schumann,Sonata F# Minor,"(1744, 1759.0)",375
892,Robert Schumann,"Sonata No. 1 in F-Sharp Minor, Op. 11 (Complete)","(1849, 1864.0)",367
893,Robert Schumann,"Sonata No. 1 in F-sharp Minor, Op. 11","(1529, 1544.0)",391
894,Robert Schumann,Symphonic Etudes,"(154, 169.0)",352
895,Robert Schumann,Symphonic Etudes,"(1417, 1432.0)",381
896,Robert Schumann,Symphonic Etudes,"(1561, 1576.0)",386
897,Robert Schumann,Symphonic Etudes Op. 13,"(1304, 1319.0)",345
898,Robert Schumann,Symphonic Etudes Op. 13 (with Posthumous variations),"(2028, 2043.0)",413
899,Robert Schumann,"Symphonic Etudes, Op. 13","(578, 593.0)",384
900,Robert Schumann,"Symphonic Etudes, Op. 13","(1082, 1097.0)",489
901,Robert Schumann,"Symphonic Etudes, Op. 13","(833, 848.0)",350
902,Robert Schumann,"Symphonic Etudes, Op. 13 (with Posthumous Etudes)","(1564, 1579.0)",383
903,Robert Schumann / Franz Liszt,Widmung,"(163, 178.0)",305
904,Sergei Rachmaninoff,"Moment Musical, Op. 16, No.4","(94, 109.0)",343
905,Sergei Rachmaninoff,Moment Musicaux Op. 16 No. 4 in E Minor,"(147, 162.0)",348
906,Sergei Rachmaninoff,"Moment Musicaux, Op. 16 No. 3 in B Minor","(183, 198.0)",134
907,Sergei Rachmaninoff,"Moment Musicaux, Op. 16 No. 4 in E Minor","(149, 164.0)",333
908,Sergei Rachmaninoff,"Moment Musicaux, Op. 16 No. 5","(84, 99.0)",116
909,Sergei Rachmaninoff,Moments Musicaux,"(1671, 1686.0)",348
910,Sergei Rachmaninoff,"Moments Musicaux, Op. 16","(274, 289.0)",299
911,Sergei Rachmaninoff,"Moments Musicaux, Op. 16","(18, 33.0)",377
912,Sergei Rachmaninoff,"Moments Musicaux, Op. 16","(166, 181.0)",146
913,Sergei Rachmaninoff,"Moments Musicaux, Op. 16","(144, 159.0)",352
914,Sergei Rachmaninoff,"Moments Musicaux, Op. 16","(88, 103.0)",109
915,Sergei Rachmaninoff,"Moments Musicaux, Op. 16","(218, 233.0)",340
916,Sergei Rachmaninoff,Prelude Op. 23 No. 4 in D Major,"(153, 168.0)",150
917,Sergei Rachmaninoff,"Prelude Op. 23, No. 2","(130, 145.0)",388
918,Sergei Rachmaninoff,Prelude Op. 23/4,"(136, 151.0)",174
919,Sergei Rachmaninoff,"Prelude in D Major, Op. 23, No. 4","(151, 166.0)",151
920,Sergei Rachmaninoff,"Prelude in D Major, Op. 23, No. 4","(158, 173.0)",175
921,Sergei Rachmaninoff,"Preludes Op. 23, Nos. 2, 4 and 5","(658, 673.0)",489
922,Sergei Rachmaninoff,Sonata No. 2 in B-Flat Minor Op. 36 (1913),"(314, 329.0)",360
923,Sergei Rachmaninoff,Sonata No. 2 in B-Flat Minor Op. 36 (1913),"(278, 293.0)",297
924,Sergei Rachmaninoff,Sonata No. 2 in B-Flat Minor Op. 36 (1913),"(22, 37.0)",97
925,Sergei Rachmaninoff,Sonata No. 2 in B-Flat Minor Op. 36 (1913),"(326, 341.0)",477
926,Sergei Rachmaninoff,Sonata No. 2 in B-flat Minor,"(1147, 1162.0)",536
927,Sergei Rachmaninoff,"Sonata No. 2 in B-flat Minor, Op. 36","(284, 299.0)",339
928,Sergei Rachmaninoff,"Sonata No. 2 in B-flat Minor, Op. 36 (1913)","(1367, 1382.0)",536
929,Sergei Rachmaninoff,"Sonata No. 2 in B-flat Minor, Op.36","(1207, 1222.0)",473
930,Sergei Rachmaninoff,"Sonata No. 2 in B-flat Minor, Opus 36","(1174, 1189.0)",435
931,Sergei Rachmaninoff,Sonata Op. 36,"(1019, 1034.0)",505
932,Sergei Rachmaninoff,"Sonata in B-flat Minor, Op.36","(1148, 1163.0)",452
933,Sergei Rachmaninoff / György Cziffra,Flight of B.B.,"(1, 16.0)",426
934,Sergei Rachmaninoff / Vyacheslav Gryaznov,Italian Polka,"(134, 149.0)",389
935,Wolfgang Amadeus Mozart,Fantasy in C Min,"(505, 520.0)",274
936,Wolfgang Amadeus Mozart,"Nine Variations, K. 264","(653, 668.0)",278
937,Wolfgang Amadeus Mozart,"Nine variations on a minuet by Duport, K537","(377, 392.0)",231
938,Wolfgang Amadeus Mozart,Sonata K. 457,"(695, 710.0)",188
939,Wolfgang Amadeus Mozart,"Sonata K. 457 in C minor, I. Allegro molto","(192, 207.0)",200
940,Wolfgang Amadeus Mozart,"Sonata in B-flat Major, K. 281, First Movement","(156, 171.0)",205
941,Wolfgang Amadeus Mozart,"Sonata in B-flat Major, K. 570, 1st mov.","(68, 83.0)",218
942,Wolfgang Amadeus Mozart,"Sonata in B-flat Major, K.281","(603, 618.0)",219
943,Wolfgang Amadeus Mozart,"Sonata in C Major, K 330, I. Allegro moderato","(211, 226.0)",200
944,Wolfgang Amadeus Mozart,"Sonata in C Minor K457, First Movement","(193, 208.0)",193
945,Wolfgang Amadeus Mozart,"Sonata in C Minor, K. 457","(945, 960.0)",167
946,Wolfgang Amadeus Mozart,"Sonata in C Minor, K. 457, 1st mov.","(201, 216.0)",195
947,Wolfgang Amadeus Mozart,Sonata in D Major K576,"(38, 53.0)",212
948,Wolfgang Amadeus Mozart,"Sonata in D Major, K 284, First Movement","(51, 66.0)",252
949,Wolfgang Amadeus Mozart,"Sonata in D Major, K 576, First Movement","(43, 58.0)",195
950,Wolfgang Amadeus Mozart,"Sonata in D Major, K. 284, First Movement","(18, 33.0)",233
951,Wolfgang Amadeus Mozart,"Sonata in D Major, K. 311","(710, 725.0)",246
952,Wolfgang Amadeus Mozart,"Sonata in D Major, K. 576 (Complete)","(38, 53.0)",214
953,Wolfgang Amadeus Mozart,"Sonata in D Major, K. 576, I - Allegro","(38, 53.0)",208
954,Wolfgang Amadeus Mozart,"Sonata in D Major, K. 576, II - Adagio","(101, 116.0)",122
955,Wolfgang Amadeus Mozart,"Sonata in D Major, K.311","(603, 618.0)",249
956,Wolfgang Amadeus Mozart,"Sonata in D-Major, K. 311, First Movement","(114, 129.0)",235
957,Wolfgang Amadeus Mozart,Sonata in F K332,"(705, 720.0)",196
958,Wolfgang Amadeus Mozart,"Sonata in F Major, K 332 (Complete)","(717, 732.0)",200
959,Wolfgang Amadeus Mozart,"Sonata in F Major, K 332 (Complete)","(652, 667.0)",203
960,Wolfgang Amadeus Mozart,"Sonata in F Major, K280","(24, 39.0)",201
961,Wolfgang Amadeus Mozart,"Twelve Variations, K179 (189a)","(613, 628.0)",226
